source_problem,step,p,verifier_uncertainty_bits,verifier_variance,action_entropy_per_token_nats,action_entropy_seq_cumulative_nats,correct_action_entropy_per_token_nats,correct_action_entropy_seq_cumulative_nats,incorrect_action_entropy_per_token_nats,incorrect_action_entropy_seq_cumulative_nats,rollout_count,correct_rollout_count,incorrect_rollout_count,valid_response_tokens_mean
1139,1,0.375,0.954434002924965,0.234375,0.19383050396572798,118.98307871818542,0.1784237946073214,109.98807144165039,0.20307452958077193,124.38008308410645,32,12,20,677.8125
1139,2,0.40625,0.9744894033980523,0.2412109375,0.1729580839164555,112.49539697170258,0.1752984976539245,114.08215537438026,0.17135674820134514,111.40972016987048,32,13,19,671.625
1139,3,0.4375,0.9886994082884974,0.24609375,0.16103869187645614,103.04993510246277,0.17198654796395982,108.57370104108539,0.1525236926972866,98.75367270575629,32,14,18,666.5625
1139,4,0.46875,0.9971803988942642,0.2490234375,0.1731841815635562,111.98404669761658,0.17529690364996592,104.9089569091797,0.1713200150167241,118.22677298153148,32,15,17,681.8125
1139,5,0.53125,0.9971803988942642,0.2490234375,0.16861653339583427,107.13093948364258,0.17002540520008871,101.00498558493221,0.1670198120176792,114.07368723551433,32,17,15,686.78125
1139,6,0.5625,0.9886994082884974,0.24609375,0.17414417956024408,110.89663791656494,0.19020075764920977,112.99234517415364,0.15350000773157393,108.20215715680804,32,18,14,658.46875
1139,7,0.6875,0.8960382325345574,0.21484375,0.18585493485443294,115.72185444831848,0.19333042509176515,119.84653819691052,0.1694088563323021,106.64755020141601,32,22,10,656.5
1139,8,0.5,1.0,0.25,0.16510530619416386,98.92055547237396,0.17505977069959044,101.0737521648407,0.15515084168873727,96.76735877990723,32,16,16,652.9375
1139,9,0.34375,0.9283620723948676,0.2255859375,0.16689333866816014,110.55063199996948,0.17583436315709894,113.80545043945312,0.1622099448882398,108.8457271030971,32,11,21,725.0
1139,10,0.375,0.954434002924965,0.234375,0.1731209303252399,110.60665130615234,0.1841606373588244,113.57966804504395,0.1664971061050892,108.82284126281738,32,12,20,677.40625
1139,11,0.65625,0.9283620723948676,0.2255859375,0.15711134113371372,105.75404286384583,0.15113793526376998,108.08358401343936,0.16851511597633362,101.30673703280362,32,21,11,696.65625
1139,12,0.625,0.954434002924965,0.234375,0.15969468071125448,113.28594875335693,0.15793811567127705,104.50271224975586,0.16262228911121687,127.92467625935872,32,20,12,784.90625
1139,13,0.5,1.0,0.25,0.1705548072932288,102.35188674926758,0.1662738649174571,102.90204334259033,0.1748357496690005,101.80173015594482,32,16,16,668.375
1139,14,0.4375,0.9886994082884974,0.24609375,0.16646906081587076,101.08485305309296,0.16655705496668816,101.04960414341518,0.16640062092079055,101.11226887173123,32,14,18,689.3125
1139,15,0.53125,0.9971803988942642,0.2490234375,0.1592606216436252,100.02614092826843,0.1704892323297613,106.66630464441636,0.1465348628660043,92.50062204996745,32,17,15,718.125
1139,16,0.46875,0.9971803988942642,0.2490234375,0.19358533876948059,116.41731691360474,0.17988676031430562,106.48106791178385,0.20567231975934086,125.18459544462316,32,15,17,652.25
11788,1,0.0,0.0,0.0,0.4144963414873928,283.2140645980835,0.0,0.0,0.4144963414873928,283.2140645980835,32,0,32,739.3125
11788,2,0.03125,0.20062232431271465,0.0302734375,0.3913422808982432,283.75786089897156,0.12301122397184372,112.18623352050781,0.39999812144425606,289.2924295240833,32,1,31,801.40625
11788,3,0.03125,0.20062232431271465,0.0302734375,0.46978786936961114,321.0406448841095,0.4186519384384155,251.191162109375,0.47143741552868196,323.2938540058751,32,1,31,752.34375
11788,4,0.0,0.0,0.0,0.4042645946610719,288.1647353172302,0.0,0.0,0.4042645946610719,288.1647353172302,32,0,32,783.59375
11788,5,0.0,0.0,0.0,0.3835381062235683,303.9423336982727,0.0,0.0,0.3835381062235683,303.9423336982727,32,0,32,864.15625
11788,6,0.0,0.0,0.0,0.36857798835262656,274.23888182640076,0.0,0.0,0.36857798835262656,274.23888182640076,32,0,32,814.53125
11788,7,0.0,0.0,0.0,0.2826339977327734,217.60529232025146,0.0,0.0,0.2826339977327734,217.60529232025146,32,0,32,858.09375
11788,8,0.0,0.0,0.0,0.5032793842256069,354.48527908325195,0.0,0.0,0.5032793842256069,354.48527908325195,32,0,32,723.6875
11788,9,0.03125,0.20062232431271465,0.0302734375,0.3330630138516426,240.58471632003784,0.32385703921318054,208.24008178710938,0.33335998077546397,241.62809162755167,32,1,31,844.40625
11788,10,0.0625,0.3372900666170139,0.05859375,0.43475342518649995,312.34583926200867,0.36926570534706116,264.47035217285156,0.43911927317579585,315.5375384012858,32,2,30,768.4375
11788,11,0.0,0.0,0.0,0.36991135543212295,282.87683367729187,0.0,0.0,0.36991135543212295,282.87683367729187,32,0,32,861.3125
11788,12,0.03125,0.20062232431271465,0.0302734375,0.4624952282756567,334.6664659976959,0.2567151188850403,254.91812133789062,0.4691332963205153,337.2389932447864,32,1,31,806.34375
11788,13,0.0625,0.3372900666170139,0.05859375,0.4320595161989331,306.12154150009155,0.22834748029708862,181.1506118774414,0.44564031859238945,314.45293680826825,32,2,30,782.65625
11788,14,0.0,0.0,0.0,0.4488830587361008,321.6826844215393,0.0,0.0,0.4488830587361008,321.6826844215393,32,0,32,769.6875
11788,15,0.0,0.0,0.0,0.5125182562042028,339.0846607685089,0.0,0.0,0.5125182562042028,339.0846607685089,32,0,32,718.34375
11788,16,0.0625,0.3372900666170139,0.05859375,0.41192935034632683,288.8945486545563,0.2815288007259369,176.82843017578125,0.4206227203210195,296.36562321980796,32,2,30,743.40625
12365,1,0.1875,0.6962122601251458,0.15234375,0.594939136877656,342.4181785583496,0.42212311923503876,260.28692626953125,0.6348197563336446,361.37154447115387,32,6,26,604.71875
12365,2,0.34375,0.9283620723948676,0.2255859375,0.4029843481257558,236.71087312698364,0.3883094801144166,240.9165607799183,0.41067118375074296,234.50789388020834,32,11,21,648.40625
12365,3,0.15625,0.6252624052234231,0.1318359375,0.44700409518554807,274.60229110717773,0.2511254012584686,166.69438629150392,0.4832779273942665,294.58523644341363,32,5,27,637.59375
12365,4,0.40625,0.9744894033980523,0.2412109375,0.40712425392121077,240.40531182289124,0.2933301513011639,186.12712860107422,0.484983376766506,277.5430161325555,32,13,19,641.78125
12365,5,0.28125,0.8571484374283715,0.2021484375,0.37697423389181495,239.37411189079285,0.31687644124031067,212.90487247043185,0.40049076145109924,249.73164035962975,32,9,23,671.78125
12365,6,0.46875,0.9971803988942642,0.2490234375,0.2917152242735028,184.66345930099487,0.22413940529028575,157.3927988688151,0.3513409469057532,208.7258067411535,32,15,17,708.5
12365,7,0.40625,0.9744894033980523,0.2412109375,0.3117290874943137,199.67897057533264,0.26059882801312667,172.3781973031851,0.3467129492445996,218.35844702469674,32,13,19,669.9375
12365,8,0.34375,0.9283620723948676,0.2255859375,0.3459420748986304,207.006245136261,0.3220710767941041,193.00078166614878,0.3584459310486203,214.34244028727213,32,11,21,638.625
12365,9,0.65625,0.9283620723948676,0.2255859375,0.32563053956255317,208.2913317680359,0.3080319818996248,198.83006431942894,0.3592277860099619,226.35375144264916,32,21,11,690.5625
12365,10,0.5,1.0,0.25,0.2683009169995785,176.89013290405273,0.23486230336129665,160.163405418396,0.3017395306378603,193.61686038970947,32,16,16,677.875
12365,11,0.71875,0.8571484374283715,0.2021484375,0.29316586814820766,193.12203288078308,0.28814258782759955,193.3303687054178,0.3060031400786506,192.58961910671658,32,23,9,679.34375
12365,12,0.5625,0.9886994082884974,0.24609375,0.30410562083125114,189.53910970687866,0.2850104322036107,178.5762833489312,0.3286565776382174,203.6341721670968,32,18,14,669.8125
12365,13,0.5625,0.9886994082884974,0.24609375,0.2737732967361808,175.40688824653625,0.24617825200160345,164.44026480780707,0.30925263996635166,189.50683266775948,32,18,14,669.0
12365,14,0.46875,0.9971803988942642,0.2490234375,0.30431773280724883,200.00390219688416,0.2655175805091858,186.2053461710612,0.33855316130553975,212.17909869025735,32,15,17,688.0
12365,15,0.75,0.8112781244591328,0.1875,0.2505037628579885,165.08112740516663,0.25442163180559874,169.71955935160318,0.2387501560151577,151.16583156585693,32,24,8,701.625
12365,16,0.4375,0.9886994082884974,0.24609375,0.24047312187030911,169.86354279518127,0.21411763025181635,151.40755789620536,0.2609718375735813,184.218197716607,32,14,18,724.8125
12403,1,0.0,0.0,0.0,0.9615700514987111,551.0385823249817,0.0,0.0,0.9615700514987111,551.0385823249817,32,0,32,592.34375
12403,2,0.0,0.0,0.0,0.9391046478413045,587.0776386260986,0.0,0.0,0.9391046478413045,587.0776386260986,32,0,32,663.96875
12403,3,0.0,0.0,0.0,0.9734290214255452,570.5510077476501,0.0,0.0,0.9734290214255452,570.5510077476501,32,0,32,592.96875
12403,4,0.0,0.0,0.0,1.0488916086032987,635.9308595657349,0.0,0.0,1.0488916086032987,635.9308595657349,32,0,32,610.875
12403,5,0.0,0.0,0.0,0.9808395020663738,588.3926019668579,0.0,0.0,0.9808395020663738,588.3926019668579,32,0,32,602.71875
12403,6,0.0,0.0,0.0,0.9474993413314223,549.3685445785522,0.0,0.0,0.9474993413314223,549.3685445785522,32,0,32,592.84375
12403,7,0.0,0.0,0.0,0.9310687929391861,553.9711904525757,0.0,0.0,0.9310687929391861,553.9711904525757,32,0,32,588.09375
12403,8,0.0,0.0,0.0,1.0445619951933622,617.7893228530884,0.0,0.0,1.0445619951933622,617.7893228530884,32,0,32,594.75
12403,9,0.0,0.0,0.0,0.933665219694376,561.9138689041138,0.0,0.0,0.933665219694376,561.9138689041138,32,0,32,617.21875
12403,10,0.0,0.0,0.0,1.0571249425411224,621.5843372344971,0.0,0.0,1.0571249425411224,621.5843372344971,32,0,32,595.3125
12403,11,0.0,0.0,0.0,0.9595872657373548,602.3680229187012,0.0,0.0,0.9595872657373548,602.3680229187012,32,0,32,636.78125
12403,12,0.0,0.0,0.0,0.8648809948936105,540.7974653244019,0.0,0.0,0.8648809948936105,540.7974653244019,32,0,32,668.34375
12403,13,0.0,0.0,0.0,0.9719646889716387,561.7160520553589,0.0,0.0,0.9719646889716387,561.7160520553589,32,0,32,577.0
12403,14,0.0,0.0,0.0,0.936838916502893,555.6548690795898,0.0,0.0,0.936838916502893,555.6548690795898,32,0,32,617.8125
12403,15,0.0,0.0,0.0,1.0482553439214826,635.2839970588684,0.0,0.0,1.0482553439214826,635.2839970588684,32,0,32,614.5625
12403,16,0.0,0.0,0.0,0.9247585432603955,537.3769464492798,0.0,0.0,0.9247585432603955,537.3769464492798,32,0,32,583.125
12633,1,0.0,0.0,0.0,1.4107270650565624,706.7166833877563,0.0,0.0,1.4107270650565624,706.7166833877563,32,0,32,493.71875
12633,2,0.0,0.0,0.0,1.182004114612937,564.774778842926,0.0,0.0,1.182004114612937,564.774778842926,32,0,32,467.90625
12633,3,0.0,0.0,0.0,1.285196177661419,661.0690393447876,0.0,0.0,1.285196177661419,661.0690393447876,32,0,32,499.65625
12633,4,0.0,0.0,0.0,1.2432727087289095,582.0624723434448,0.0,0.0,1.2432727087289095,582.0624723434448,32,0,32,461.65625
12633,5,0.0,0.0,0.0,1.2845376934856176,608.6684589385986,0.0,0.0,1.2845376934856176,608.6684589385986,32,0,32,464.65625
12633,6,0.0,0.0,0.0,1.2563268207013607,664.337432384491,0.0,0.0,1.2563268207013607,664.337432384491,32,0,32,513.21875
12633,7,0.0,0.0,0.0,1.2646646313369274,615.1433172225952,0.0,0.0,1.2646646313369274,615.1433172225952,32,0,32,476.59375
12633,8,0.0,0.0,0.0,1.2987140826880932,641.3858184814453,0.0,0.0,1.2987140826880932,641.3858184814453,32,0,32,485.625
12633,9,0.0,0.0,0.0,1.3510294891893864,734.5760450363159,0.0,0.0,1.3510294891893864,734.5760450363159,32,0,32,530.25
12633,10,0.0,0.0,0.0,1.2298916168510914,606.504271030426,0.0,0.0,1.2298916168510914,606.504271030426,32,0,32,477.34375
12633,11,0.0,0.0,0.0,1.2541648168116808,652.7886247634888,0.0,0.0,1.2541648168116808,652.7886247634888,32,0,32,506.375
12633,12,0.0,0.0,0.0,1.1989409402012825,576.1889820098877,0.0,0.0,1.1989409402012825,576.1889820098877,32,0,32,472.9375
12633,13,0.0,0.0,0.0,1.2595220915973186,636.0364489555359,0.0,0.0,1.2595220915973186,636.0364489555359,32,0,32,492.65625
12633,14,0.0,0.0,0.0,1.270944869145751,647.9488949775696,0.0,0.0,1.270944869145751,647.9488949775696,32,0,32,499.4375
12633,15,0.0,0.0,0.0,1.3057992737740278,692.6452751159668,0.0,0.0,1.3057992737740278,692.6452751159668,32,0,32,518.15625
12633,16,0.0,0.0,0.0,1.2890778630971909,650.418475151062,0.0,0.0,1.2890778630971909,650.418475151062,32,0,32,489.625
1296,1,0.0,0.0,0.0,0.47618201933801174,186.21014046669006,0.0,0.0,0.47618201933801174,186.21014046669006,32,0,32,392.8125
1296,2,0.03125,0.20062232431271465,0.0302734375,0.490468667820096,201.00245261192322,0.4517234265804291,164.4273223876953,0.49171851431169816,202.1822955223822,32,1,31,413.40625
1296,3,0.03125,0.20062232431271465,0.0302734375,0.48483394738286734,176.21518874168396,0.3846445381641388,153.47317504882812,0.4880658638092779,176.9488020866148,32,1,31,369.53125
1296,4,0.0,0.0,0.0,0.42995654162950814,173.00961709022522,0.0,0.0,0.42995654162950814,173.00961709022522,32,0,32,446.15625
1296,5,0.03125,0.20062232431271465,0.0302734375,0.5010582162067294,205.17128658294678,0.5281409621238708,192.24330139160156,0.5001845792416604,205.58831836331277,32,1,31,412.34375
1296,6,0.03125,0.20062232431271465,0.0302734375,0.48267731815576553,187.8012707233429,0.4925253093242645,257.09820556640625,0.4823596410212978,185.56588572840536,32,1,31,387.90625
1296,7,0.03125,0.20062232431271465,0.0302734375,0.47003374993801117,184.48973643779755,0.5479632019996643,257.5426940917969,0.46751989664569976,182.1331894167008,32,1,31,392.8125
1296,8,0.0625,0.3372900666170139,0.05859375,0.5062952907755971,201.41434955596924,0.5051912367343903,201.9478530883789,0.5063688943783442,201.3787826538086,32,2,30,414.15625
1296,9,0.0,0.0,0.0,0.5046327821910381,208.26673769950867,0.0,0.0,0.5046327821910381,208.26673769950867,32,0,32,411.875
1296,10,0.03125,0.20062232431271465,0.0302734375,0.49594822991639376,196.42415475845337,0.7832892537117004,405.74383544921875,0.4866791646326742,189.67190699423514,32,1,31,396.5625
1296,11,0.09375,0.4488644887230294,0.0849609375,0.4668542300350964,190.8349826335907,0.5581743816534678,264.9800516764323,0.45740731779871313,183.16480307743467,32,3,29,445.9375
1296,12,0.0625,0.3372900666170139,0.05859375,0.508566421456635,202.38082337379456,0.7758273780345917,331.2183532714844,0.4907490243514379,193.79165471394856,32,2,30,399.28125
1296,13,0.0,0.0,0.0,0.4601631201803684,169.69326257705688,0.0,0.0,0.4601631201803684,169.69326257705688,32,0,32,366.59375
1296,14,0.0,0.0,0.0,0.48474712669849396,181.21445107460022,0.0,0.0,0.48474712669849396,181.21445107460022,32,0,32,371.3125
1296,15,0.09375,0.4488644887230294,0.0849609375,0.5178404860198498,195.72642540931702,0.5156419773896536,208.73934936523438,0.5180679179471115,194.38026086215316,32,3,29,383.71875
1296,16,0.0,0.0,0.0,0.497893781401217,181.54468178749084,0.0,0.0,0.497893781401217,181.54468178749084,32,0,32,368.25
13162,1,0.59375,0.9744894033980523,0.2412109375,0.5706170983612537,366.82333874702454,0.53874534839078,337.7405965704667,0.6171988867796384,409.3288850050706,32,19,13,639.03125
13162,2,0.34375,0.9283620723948676,0.2255859375,0.5488500893115997,371.572238445282,0.47111572189764545,298.1674527254972,0.5895680912903377,410.0223642985026,32,11,21,690.65625
13162,3,0.40625,0.9744894033980523,0.2412109375,0.5760234703775495,376.6903200149536,0.5716341183735774,369.9564866286058,0.5790267112223726,381.29767970034953,32,13,19,654.0
13162,4,0.5,1.0,0.25,0.5499435234814882,376.20987606048584,0.57039182074368,394.68217182159424,0.5294952262192965,357.73758029937744,32,16,16,678.71875
13162,5,0.5625,0.9886994082884974,0.24609375,0.5236579566262662,339.71632862091064,0.5232423436310556,333.0748295254177,0.524192316191537,348.25539888654436,32,18,14,650.8125
13162,6,0.65625,0.9283620723948676,0.2255859375,0.5241640331223607,338.8830382823944,0.5106684906142098,317.89772542317706,0.5499282506379214,378.9459082863548,32,21,11,622.375
13162,7,0.75,0.8112781244591328,0.1875,0.5084503919351846,337.34872126579285,0.5340495565906167,348.38870271046954,0.4316528979688883,304.2287769317627,32,24,8,719.5
13162,8,0.625,0.954434002924965,0.234375,0.5001790835522115,320.48448967933655,0.4024301640689373,244.3779483795166,0.6630939493576685,447.32872517903644,32,20,12,642.71875
13162,9,0.53125,0.9971803988942642,0.2490234375,0.5201531844213605,326.5192668437958,0.43599574969095345,268.07123745188994,0.6155316104491552,392.76036682128904,32,17,15,644.875
13162,10,0.40625,0.9744894033980523,0.2412109375,0.4871075553819537,332.51821398735046,0.39798079201808345,265.9227535541241,0.5480890250519702,378.0835290206106,32,13,19,671.21875
13162,11,0.65625,0.9283620723948676,0.2255859375,0.5190131634008139,349.20017325878143,0.5446863536323819,351.3766899108887,0.4700007093223659,345.0450051047585,32,21,11,667.125
13162,12,0.625,0.954434002924965,0.234375,0.5267569411080331,353.8954041004181,0.5075110115110875,334.53172760009767,0.5588334904362758,386.16819826761883,32,20,12,668.09375
13162,13,0.625,0.954434002924965,0.234375,0.3850629818625748,255.13117146492004,0.403355647996068,252.85595321655273,0.3545752049734195,258.92320187886554,32,20,12,689.59375
13162,14,0.75,0.8112781244591328,0.1875,0.46758471825160086,297.351327419281,0.44669187472512323,286.69254302978516,0.5302632488310337,329.32768058776855,32,24,8,650.8125
13162,15,0.65625,0.9283620723948676,0.2255859375,0.44235096825286746,293.3590370416641,0.3842902162245342,246.76091239565895,0.5531942221251401,382.3190931840376,32,21,11,672.3125
13162,16,0.625,0.954434002924965,0.234375,0.45368937868624926,297.298814535141,0.46559650674462316,299.969425201416,0.433844165255626,292.84779675801593,32,20,12,668.46875
13784,1,0.0,0.0,0.0,0.5831333445385098,421.73411750793457,0.0,0.0,0.5831333445385098,421.73411750793457,32,0,32,736.25
13784,2,0.0625,0.3372900666170139,0.05859375,0.5209108595736325,375.3059024810791,0.670154832303524,623.6590957641602,0.5109612613916397,358.74902292887367,32,2,30,713.46875
13784,3,0.09375,0.4488644887230294,0.0849609375,0.5227025561034679,371.2423713207245,0.29233189423878986,215.8809026082357,0.5465340038825726,387.31424739443025,32,3,29,730.09375
13784,4,0.03125,0.20062232431271465,0.0302734375,0.4999842345714569,359.4248597621918,0.2597930431365967,169.6448516845703,0.5077323375209686,365.54679550663116,32,1,31,743.8125
13784,5,0.09375,0.4488644887230294,0.0849609375,0.5294180209748447,368.0919804573059,0.5110137214263281,354.93231709798175,0.5313219140315878,369.4533249427532,32,3,29,701.78125
13784,6,0.0625,0.3372900666170139,0.05859375,0.5056750848889351,346.4426190853119,0.47823019325733185,364.3698272705078,0.507504744331042,345.2474718729655,32,2,30,701.03125
13784,7,0.125,0.5435644431995964,0.109375,0.4862937075085938,353.78268933296204,0.21667996048927307,154.44821739196777,0.5248099570827824,382.2590424673898,32,4,28,741.71875
13784,8,0.09375,0.4488644887230294,0.0849609375,0.47180063650012016,353.4681897163391,0.45781349142392475,319.1598358154297,0.4732475825424852,357.0173297750539,32,3,29,761.21875
13784,9,0.0625,0.3372900666170139,0.05859375,0.5024681300856173,328.4202675819397,0.44560273736715317,300.2333984375,0.5062591562668483,330.299392191569,32,2,30,670.65625
13784,10,0.0625,0.3372900666170139,0.05859375,0.43891297839581966,303.9443974494934,0.4288244992494583,243.08756256103516,0.43958554367224373,308.00151977539065,32,2,30,699.6875
13784,11,0.09375,0.4488644887230294,0.0849609375,0.43695722753182054,306.957314491272,0.5132008244593939,360.17344156901044,0.42906995888414057,301.45219789702315,32,3,29,753.03125
13784,12,0.125,0.5435644431995964,0.109375,0.4021371644921601,272.6280560493469,0.23515239730477333,179.39013290405273,0.42599213123321533,285.94775935581754,32,4,28,711.15625
13784,13,0.03125,0.20062232431271465,0.0302734375,0.4110397598706186,304.773446559906,0.3268857002258301,242.87608337402344,0.41375440695593435,306.7701356949345,32,1,31,758.4375
13784,14,0.125,0.5435644431995964,0.109375,0.4274177378974855,322.1350498199463,0.3364994712173939,257.1454391479492,0.44040606170892715,331.4192799159459,32,4,28,772.625
13784,15,0.125,0.5435644431995964,0.109375,0.4157105293124914,296.98718333244324,0.3715616688132286,289.16282844543457,0.42201750938381466,298.1049483163016,32,4,28,730.125
13784,16,0.15625,0.6252624052234231,0.1318359375,0.41994913946837187,300.20784974098206,0.3638122469186783,273.3905548095703,0.43034486031090774,305.17401546902124,32,5,27,732.875
13941,1,0.0625,0.3372900666170139,0.05859375,0.16695660003460944,155.50799775123596,0.2067386955022812,144.98976135253906,0.16430446033676466,156.2092135111491,32,2,30,950.96875
13941,2,0.0625,0.3372900666170139,0.05859375,0.17525252443738282,170.2294478416443,0.13937082886695862,157.43597412109375,0.1776446374754111,171.08234608968098,32,2,30,1001.5
13941,3,0.09375,0.4488644887230294,0.0849609375,0.16258831159211695,150.44923663139343,0.18020818382501602,174.0681610107422,0.1607655661887136,148.0058996266332,32,3,29,951.9375
13941,4,0.0625,0.3372900666170139,0.05859375,0.15109688532538712,148.03835201263428,0.14035674184560776,135.54936981201172,0.15181289489070574,148.8709508260091,32,2,30,1003.90625
13941,5,0.0625,0.3372900666170139,0.05859375,0.1712028926704079,163.8403570652008,0.14928071945905685,178.08588409423828,0.17266437088449796,162.89065526326496,32,2,30,971.3125
13941,6,0.125,0.5435644431995964,0.109375,0.16188203799538314,157.16923594474792,0.19292104616761208,175.36217308044434,0.15744789397077902,154.57024492536272,32,4,28,996.5
13941,7,0.0,0.0,0.0,0.16930043417960405,151.4584276676178,0.0,0.0,0.16930043417960405,151.4584276676178,32,0,32,910.25
13941,8,0.0625,0.3372900666170139,0.05859375,0.1628921297378838,153.8253288269043,0.14723042398691177,133.2219123840332,0.16393624345461527,155.1988899230957,32,2,30,952.5
13941,9,0.15625,0.6252624052234231,0.1318359375,0.17370658880099654,158.080424785614,0.16331826746463776,143.40258178710937,0.17563035201143334,160.79854385941118,32,5,27,945.84375
13941,10,0.0,0.0,0.0,0.1663743646349758,149.91884088516235,0.0,0.0,0.1663743646349758,149.91884088516235,32,0,32,917.96875
13941,11,0.125,0.5435644431995964,0.109375,0.1784225576557219,161.40481567382812,0.1911924071609974,146.4268283843994,0.17659829344068254,163.5445281437465,32,4,28,929.09375
13941,12,0.03125,0.20062232431271465,0.0302734375,0.1695621081162244,166.48791456222534,0.1379290223121643,131.03257751464844,0.17058253023893602,167.63163511214717,32,1,31,1024.53125
13941,13,0.09375,0.4488644887230294,0.0849609375,0.17655874881893396,157.86367225646973,0.14970296124617258,144.1443634033203,0.1793369337402541,159.28291110334726,32,3,29,903.9375
13941,14,0.0625,0.3372900666170139,0.05859375,0.15809783153235912,152.52462887763977,0.1980871707201004,212.94580078125,0.1554318755865097,148.4965507507324,32,2,30,975.84375
13941,15,0.0625,0.3372900666170139,0.05859375,0.15407215640880167,159.95723700523376,0.11414308100938797,98.22831726074219,0.1567340947687626,164.0724983215332,32,2,30,1050.21875
13941,16,0.09375,0.4488644887230294,0.0849609375,0.17658547637984157,155.83214402198792,0.21012104054292044,139.03431701660156,0.17311628008710928,157.56985026392442,32,3,29,919.8125
14880,1,0.6875,0.8960382325345574,0.21484375,0.20270553906448185,137.1217908859253,0.19818970798091454,126.97749120538884,0.21264036744832993,159.43925018310546,32,22,10,715.125
14880,2,0.5625,0.9886994082884974,0.24609375,0.2008019471541047,135.853985786438,0.21462445540560615,137.41224119398328,0.1830301508307457,133.85051454816545,32,18,14,689.28125
14880,3,0.625,0.954434002924965,0.234375,0.20750611275434494,129.66945672035217,0.2206162430346012,129.13662643432616,0.1856558956205845,130.55750719706217,32,20,12,653.53125
14880,4,0.71875,0.8571484374283715,0.2021484375,0.21493080630898476,139.4017596244812,0.21809138746365256,135.5508293483568,0.20685376558038923,149.24302588568793,32,23,9,662.1875
14880,5,0.53125,0.9971803988942642,0.2490234375,0.20028449688106775,135.70676040649414,0.21046469842686372,135.18603964412912,0.18874693512916565,136.29691060384116,32,17,15,704.125
14880,6,0.65625,0.9283620723948676,0.2255859375,0.1985534280538559,132.8284673690796,0.19634037145546504,130.29090990339006,0.20277835428714752,137.67289525812322,32,21,11,690.5
14880,7,0.875,0.5435644431995964,0.109375,0.22559809172526002,140.9220905303955,0.23135025958929742,143.10454205104284,0.18533291667699814,125.64492988586426,32,28,4,651.53125
14880,8,0.84375,0.6252624052234231,0.1318359375,0.19446849287487566,129.11734771728516,0.1920920436580976,121.78806785300925,0.2073013186454773,168.695458984375,32,27,5,691.46875
14880,9,0.5,1.0,0.25,0.19085820391774178,142.95804977416992,0.19346662890166044,125.85830879211426,0.1882497789338231,160.0577907562256,32,16,16,800.53125
14880,10,0.59375,0.9744894033980523,0.2412109375,0.18303424469195306,131.95540475845337,0.18772229709123311,136.49401574385794,0.17618247580069762,125.32205024132362,32,19,13,737.53125
14880,11,0.78125,0.7578784625383954,0.1708984375,0.20025070011615753,138.51155042648315,0.20438212871551514,140.15048309326173,0.18549559797559464,132.65821947370256,32,25,7,700.75
14880,12,0.59375,0.9744894033980523,0.2412109375,0.18786715902388096,129.4825587272644,0.17542650276108793,111.87620664897717,0.20604965663873231,155.21491945706882,32,19,13,715.3125
14880,13,0.59375,0.9744894033980523,0.2412109375,0.18888297583907843,128.64873147010803,0.1955175015487169,121.71147035297595,0.17918636134037605,138.78780541053186,32,19,13,706.4375
14880,14,0.71875,0.8571484374283715,0.2021484375,0.19724894408136606,142.076477766037,0.19746900317461594,135.93603913680366,0.19668657084306082,157.76870981852213,32,23,9,705.625
14880,15,0.625,0.954434002924965,0.234375,0.19913604925386608,134.39413785934448,0.20492308512330054,127.66303176879883,0.18949098947147527,145.6126480102539,32,20,12,696.875
14880,16,0.65625,0.9283620723948676,0.2255859375,0.2205704553052783,152.58970880508423,0.23900259747391656,155.9901871454148,0.18538182025605981,146.0978865189986,32,21,11,712.3125
15185,1,0.0,0.0,0.0,0.27646239614114165,137.52278816699982,0.0,0.0,0.27646239614114165,137.52278816699982,32,0,32,491.625
15185,2,0.0,0.0,0.0,0.27493193093687296,147.46147799491882,0.0,0.0,0.27493193093687296,147.46147799491882,32,0,32,531.65625
15185,3,0.0,0.0,0.0,0.28098245430737734,156.27650833129883,0.0,0.0,0.28098245430737734,156.27650833129883,32,0,32,546.21875
15185,4,0.0,0.0,0.0,0.2565319980494678,136.9078266620636,0.0,0.0,0.2565319980494678,136.9078266620636,32,0,32,531.71875
15185,5,0.0,0.0,0.0,0.28156997775658965,143.31112265586853,0.0,0.0,0.28156997775658965,143.31112265586853,32,0,32,514.4375
15185,6,0.0,0.0,0.0,0.2865687939338386,149.32902574539185,0.0,0.0,0.2865687939338386,149.32902574539185,32,0,32,528.125
15185,7,0.0,0.0,0.0,0.2789943106472492,148.87120819091797,0.0,0.0,0.2789943106472492,148.87120819091797,32,0,32,531.03125
15185,8,0.0,0.0,0.0,0.2663428052328527,133.3372359275818,0.0,0.0,0.2663428052328527,133.3372359275818,32,0,32,502.96875
15185,9,0.0,0.0,0.0,0.2769414947833866,149.39604783058167,0.0,0.0,0.2769414947833866,149.39604783058167,32,0,32,573.28125
15185,10,0.0,0.0,0.0,0.31362975342199206,164.97710132598877,0.0,0.0,0.31362975342199206,164.97710132598877,32,0,32,513.0
15185,11,0.0,0.0,0.0,0.25964614003896713,133.8040099143982,0.0,0.0,0.25964614003896713,133.8040099143982,32,0,32,510.5
15185,12,0.0,0.0,0.0,0.29624835262075067,153.36001706123352,0.0,0.0,0.29624835262075067,153.36001706123352,32,0,32,551.71875
15185,13,0.0,0.0,0.0,0.2835894385352731,144.5561957359314,0.0,0.0,0.2835894385352731,144.5561957359314,32,0,32,506.625
15185,14,0.0,0.0,0.0,0.2852842560969293,149.40689945220947,0.0,0.0,0.2852842560969293,149.40689945220947,32,0,32,516.46875
15185,15,0.0,0.0,0.0,0.302772703114897,145.31129789352417,0.0,0.0,0.302772703114897,145.31129789352417,32,0,32,481.03125
15185,16,0.0,0.0,0.0,0.27748975390568376,139.02886056900024,0.0,0.0,0.27748975390568376,139.02886056900024,32,0,32,504.0
15543,1,0.25,0.8112781244591328,0.1875,0.28442272637039423,162.69944214820862,0.26747985929250717,147.0566463470459,0.2900703487296899,167.91370741526285,32,8,24,581.8125
15543,2,0.3125,0.8960382325345574,0.21484375,0.291679578833282,168.78223657608032,0.256942318379879,161.40767669677734,0.3074692426757379,172.13430924849078,32,10,22,592.1875
15543,3,0.21875,0.7578784625383954,0.1708984375,0.2928290800191462,161.580411195755,0.2756528066737311,168.58503069196428,0.2976384365558624,159.6191177368164,32,7,25,560.46875
15543,4,0.3125,0.8960382325345574,0.21484375,0.29340434446930885,189.69071102142334,0.254547318816185,176.73568801879884,0.3110666288570924,195.5793578407981,32,10,22,651.84375
15543,5,0.3125,0.8960382325345574,0.21484375,0.2880860627628863,159.93753337860107,0.2525322437286377,153.24087371826172,0.30424688959663565,162.98146958784625,32,10,22,584.0625
15543,6,0.5,1.0,0.25,0.26316255098208785,158.95224499702454,0.25137878581881523,149.94046306610107,0.27494631614536047,167.964026927948,32,16,16,601.0
15543,7,0.3125,0.8960382325345574,0.21484375,0.2745541543699801,169.67999911308289,0.27654607146978377,183.98137741088868,0.273648737506433,163.17937261408025,32,10,22,634.3125
15543,8,0.4375,0.9886994082884974,0.24609375,0.27327928179875016,165.8993902206421,0.2618063134806497,149.55937957763672,0.28220270160171723,178.60828738742404,32,14,18,610.53125
15543,9,0.40625,0.9744894033980523,0.2412109375,0.2889745645225048,166.1952404975891,0.2910997707110185,161.93372462346002,0.2875204760777323,169.11101451673005,32,13,19,581.78125
15543,10,0.4375,0.9886994082884974,0.24609375,0.2675924268551171,160.7334179878235,0.2523826797093664,152.976500919887,0.27942223019070095,166.76657570732965,32,14,18,605.5
15543,11,0.4375,0.9886994082884974,0.24609375,0.25022247759625316,148.28541445732117,0.2542567646929196,149.31105259486608,0.24708469874329037,147.48769590589734,32,14,18,596.125
15543,12,0.46875,0.9971803988942642,0.2490234375,0.26779618579894304,167.97816252708435,0.25167983373006186,156.71786244710287,0.28201649644795584,177.91372142118567,32,15,17,633.28125
15543,13,0.375,0.954434002924965,0.234375,0.26418803399428725,162.3319022655487,0.2585899047553539,156.31549263000488,0.26754691153764726,165.941748046875,32,12,20,628.65625
15543,14,0.5,1.0,0.25,0.2769541423767805,174.21205234527588,0.2549239955842495,159.10554218292236,0.2989842891693115,189.3185625076294,32,16,16,623.59375
15543,15,0.40625,0.9744894033980523,0.2412109375,0.2771382280625403,169.02436661720276,0.2593331027489442,157.16471569354718,0.28932068222447443,177.13886461759867,32,13,19,628.4375
15543,16,0.375,0.954434002924965,0.234375,0.2517916182987392,152.24039483070374,0.2680278929571311,149.10062662760416,0.24204985350370406,154.12425575256347,32,12,20,614.0
15592,1,0.09375,0.4488644887230294,0.0849609375,0.22092775674536824,135.24337697029114,0.15918579200903574,166.4654541015625,0.2273148565456785,132.01350692222857,32,3,29,651.71875
15592,2,0.03125,0.20062232431271465,0.0302734375,0.20782376686111093,132.58828926086426,0.22151429951190948,168.7938995361328,0.2073821367756013,131.42036634875882,32,1,31,736.75
15592,3,0.0625,0.3372900666170139,0.05859375,0.21203774004243314,126.98777866363525,0.2922615483403206,211.34151458740234,0.20668948615590732,121.36419626871745,32,2,30,603.09375
15592,4,0.0625,0.3372900666170139,0.05859375,0.19491513492539525,127.11463689804077,0.16778947412967682,137.2146224975586,0.19672351231177648,126.44130452473958,32,2,30,743.46875
15592,5,0.0625,0.3372900666170139,0.05859375,0.22282271715812385,134.25610768795013,0.1761021614074707,124.25679779052734,0.22593742087483407,134.92272834777833,32,2,30,636.1875
15592,6,0.03125,0.20062232431271465,0.0302734375,0.18893106887117028,123.35470902919769,0.21339814364910126,167.0907440185547,0.18814180839446284,121.94386919083134,32,1,31,727.875
15592,7,0.03125,0.20062232431271465,0.0302734375,0.21075278450734913,133.26503002643585,0.15947580337524414,129.17539978027344,0.2124068806729009,133.39695358276367,32,1,31,687.6875
15592,8,0.03125,0.20062232431271465,0.0302734375,0.21518932026810944,132.39343667030334,0.1838003695011139,138.58547973632812,0.21620186706704478,132.19369334559286,32,1,31,708.21875
15592,9,0.03125,0.20062232431271465,0.0302734375,0.19311031652614474,129.35736668109894,0.22988788783550262,200.2323455810547,0.19192394325810094,127.07107703916488,32,1,31,734.40625
15592,10,0.0,0.0,0.0,0.20447593100834638,118.62192368507385,0.0,0.0,0.20447593100834638,118.62192368507385,32,0,32,627.28125
15592,11,0.03125,0.20062232431271465,0.0302734375,0.19732935284264386,119.41701650619507,0.19443611800670624,123.07806396484375,0.19742268299864185,119.29891820107737,32,1,31,672.5625
15592,12,0.03125,0.20062232431271465,0.0302734375,0.19306859862990677,108.99061214923859,0.40914052724838257,225.43643188476562,0.18609853641640756,105.23429538357642,32,1,31,589.65625
15592,13,0.0,0.0,0.0,0.22695247060619295,130.79369628429413,0.0,0.0,0.22695247060619295,130.79369628429413,32,0,32,626.59375
15592,14,0.03125,0.20062232431271465,0.0302734375,0.22128156735561788,146.14408254623413,0.24904821813106537,161.1342010498047,0.22038586894350667,145.66053033644152,32,1,31,674.375
15592,15,0.0,0.0,0.0,0.2035131718730554,138.1522924900055,0.0,0.0,0.2035131718730554,138.1522924900055,32,0,32,750.90625
15592,16,0.0,0.0,0.0,0.20086807268671691,128.86504650115967,0.0,0.0,0.20086807268671691,128.86504650115967,32,0,32,699.21875
1689,1,0.03125,0.20062232431271465,0.0302734375,0.09166451287455857,126.80532503128052,0.13489821553230286,137.7310791015625,0.09026987730495391,126.452881351594,32,1,31,1469.8125
1689,2,0.0625,0.3372900666170139,0.05859375,0.09679907897952944,128.98208510875702,0.11247386410832405,130.52313232421875,0.09575409330427646,128.87934862772624,32,2,30,1390.875
1689,3,0.0,0.0,0.0,0.086549595114775,116.716139793396,0.0,0.0,0.086549595114775,116.716139793396,32,0,32,1397.21875
1689,4,0.0625,0.3372900666170139,0.05859375,0.10054145415779203,126.64904475212097,0.11761756986379623,102.53250885009766,0.09940304644405842,128.25681381225587,32,2,30,1353.40625
1689,5,0.0,0.0,0.0,0.09916862263344228,134.56202697753906,0.0,0.0,0.09916862263344228,134.56202697753906,32,0,32,1424.84375
1689,6,0.03125,0.20062232431271465,0.0302734375,0.10073199379257858,128.8456404209137,0.1558932662010193,199.6992645263672,0.09895259790843533,126.56003964331842,32,1,31,1336.875
1689,7,0.0,0.0,0.0,0.09787222510203719,130.23453187942505,0.0,0.0,0.09787222510203719,130.23453187942505,32,0,32,1410.875
1689,8,0.03125,0.20062232431271465,0.0302734375,0.10004311450757086,129.4757330417633,0.12160972505807877,113.58348083496094,0.09934741739303835,129.98838633875692,32,1,31,1366.4375
1689,9,0.09375,0.4488644887230294,0.0849609375,0.09724180970806628,122.22207713127136,0.12060731401046117,156.91226959228516,0.09482468857333579,118.63343653185615,32,3,29,1302.25
1689,10,0.0,0.0,0.0,0.10178846691269428,125.98034393787384,0.0,0.0,0.10178846691269428,125.98034393787384,32,0,32,1295.84375
1689,11,0.0,0.0,0.0,0.09311870543751866,127.57576966285706,0.0,0.0,0.09311870543751866,127.57576966285706,32,0,32,1420.875
1689,12,0.09375,0.4488644887230294,0.0849609375,0.10361137823201716,131.5415518283844,0.09998391320308049,101.60308329264323,0.1039866332350106,134.63863478035762,32,3,29,1323.0625
1689,13,0.0625,0.3372900666170139,0.05859375,0.10030802804976702,139.16079664230347,0.12410755082964897,169.29798889160156,0.09872139319777488,137.15165049235026,32,2,30,1443.03125
1689,14,0.03125,0.20062232431271465,0.0302734375,0.09876195271499455,125.89211702346802,0.10842984169721603,112.55017852783203,0.09845008532847127,126.32250213623047,32,1,31,1353.46875
1689,15,0.03125,0.20062232431271465,0.0302734375,0.10782576887868345,129.5397870540619,0.12870727479457855,155.6071014404297,0.10715217191365457,128.69890594482422,32,1,31,1330.03125
1689,16,0.03125,0.20062232431271465,0.0302734375,0.10795694962143898,120.63955187797546,0.12337765097618103,111.16326141357422,0.10745950764225375,120.9452386671497,32,1,31,1214.5
17729,1,0.1875,0.6962122601251458,0.15234375,0.16685363953001797,78.85013628005981,0.14676655704776445,72.8786195119222,0.1714891201028457,80.22817861116849,32,6,26,477.34375
17729,2,0.21875,0.7578784625383954,0.1708984375,0.16750950156711042,85.29544758796692,0.18127647468021937,93.85985129220145,0.16365474909543992,82.89741455078125,32,7,25,528.375
17729,3,0.125,0.5435644431995964,0.109375,0.16796721937134862,79.84085738658905,0.17741673439741135,78.1134262084961,0.16661728865333966,80.08763326917376,32,4,28,483.03125
17729,4,0.21875,0.7578784625383954,0.1708984375,0.16013020649552345,86.02085709571838,0.15336195805243083,80.07101549421039,0.1620253160595894,87.68681274414062,32,7,25,547.09375
17729,5,0.3125,0.8960382325345574,0.21484375,0.16695989831350744,80.40149712562561,0.15889636501669885,69.60696640014649,0.1706251407211477,85.30810200084339,32,10,22,485.09375
17729,6,0.21875,0.7578784625383954,0.1708984375,0.17167230253107846,81.8502447605133,0.17592643627098628,80.73438916887555,0.17048114508390427,82.16268432617187,32,7,25,484.71875
17729,7,0.21875,0.7578784625383954,0.1708984375,0.16938961506821215,82.63089442253113,0.19323451604161943,83.79439544677734,0.16271304279565812,82.30511413574219,32,7,25,499.4375
17729,8,0.25,0.8112781244591328,0.1875,0.17576918052509427,86.71544551849365,0.1813698336482048,83.49188709259033,0.17390229615072408,87.78996499379475,32,8,24,515.03125
17729,9,0.25,0.8112781244591328,0.1875,0.16264847735874355,78.90372002124786,0.15514234639704227,69.45789432525635,0.16515052101264396,82.05232858657837,32,8,24,494.3125
17729,10,0.1875,0.6962122601251458,0.15234375,0.16453654039651155,81.48138868808746,0.16683049748341242,75.84018198649089,0.1640071656841498,82.78320561922513,32,6,26,505.8125
17729,11,0.28125,0.8571484374283715,0.2021484375,0.1656004791148007,81.3762993812561,0.1686394214630127,80.06978013780382,0.16441132776115253,81.88754604173744,32,9,23,507.28125
17729,12,0.28125,0.8571484374283715,0.2021484375,0.17193873366340995,88.27018451690674,0.17179868287510341,88.43348100450304,0.17199353614579077,88.20628589132558,32,9,23,518.4375
17729,13,0.21875,0.7578784625383954,0.1708984375,0.1717701912857592,90.20542132854462,0.15483121148177556,72.30453327723912,0.17651310563087463,95.21766998291015,32,7,25,530.0
17729,14,0.3125,0.8960382325345574,0.21484375,0.15960395615547895,78.59088432788849,0.15819660276174546,70.66502380371094,0.16024366224353964,82.19354820251465,32,10,22,496.03125
17729,15,0.34375,0.9283620723948676,0.2255859375,0.16728868754580617,80.98072636127472,0.17001612890850415,75.75744282115589,0.16586002778439296,83.71673202514648,32,11,21,493.40625
17729,16,0.28125,0.8571484374283715,0.2021484375,0.19259614776819944,96.12267470359802,0.20341787238915762,94.19444020589192,0.1883615598730419,96.87720124617867,32,9,23,506.53125
17768,1,0.6875,0.8960382325345574,0.21484375,0.13163398252800107,69.01611566543579,0.13013303313742985,66.08640844171697,0.13493607118725776,75.46147155761719,32,22,10,522.8125
17768,2,0.84375,0.6252624052234231,0.1318359375,0.13483369117602706,67.93442523479462,0.1343192571291217,68.58699247572157,0.13761163502931595,64.41056213378906,32,27,5,505.96875
17768,3,0.78125,0.7578784625383954,0.1708984375,0.14139569690451026,72.5376216173172,0.13994208604097366,72.55717361450195,0.1465871642742838,72.46779305594308,32,25,7,513.53125
17768,4,0.625,0.954434002924965,0.234375,0.14205636293627322,70.78655695915222,0.1438590683043003,69.37439060211182,0.1390518539895614,73.14016755421956,32,20,12,504.21875
17768,5,0.71875,0.8571484374283715,0.2021484375,0.13977567153051496,72.75617742538452,0.13914984691402185,70.12922121130902,0.1413750011059973,79.46950997246637,32,23,9,525.0625
17768,6,0.6875,0.8960382325345574,0.21484375,0.14484806871041656,74.43258440494537,0.14256827262314883,73.29949639060281,0.14986362010240556,76.92537803649903,32,22,10,512.15625
17768,7,0.75,0.8112781244591328,0.1875,0.13620968628674746,69.82897055149078,0.13621774098525444,69.92702341079712,0.13618552219122648,69.53481197357178,32,24,8,516.59375
17768,8,0.90625,0.4488644887230294,0.0849609375,0.13422697014175355,68.48349559307098,0.13501420000503803,68.31037231971477,0.12661708146333694,70.15702056884766,32,29,3,513.84375
17768,9,0.78125,0.7578784625383954,0.1708984375,0.1427108992356807,70.98814928531647,0.1411457398533821,70.6623551940918,0.14830075417246139,72.15169961111886,32,25,7,499.40625
17768,10,0.71875,0.8571484374283715,0.2021484375,0.13454839773476124,68.77757334709167,0.12826659595188888,66.50125918181047,0.15060189117987952,74.59482065836589,32,23,9,513.15625
17768,11,0.84375,0.6252624052234231,0.1318359375,0.13120328215882182,65.62095880508423,0.13000064067266606,63.653604860659,0.13769754618406296,76.24467010498047,32,27,5,500.9375
17768,12,0.78125,0.7578784625383954,0.1708984375,0.1440319768153131,71.27437353134155,0.14429676979780198,70.5201692199707,0.14308628759213857,73.96796035766602,32,25,7,496.09375
17768,13,0.84375,0.6252624052234231,0.1318359375,0.1266197415534407,63.74186944961548,0.12703476984191825,63.533339465105975,0.12437858879566192,64.8679313659668,32,27,5,505.34375
17768,14,0.8125,0.6962122601251458,0.15234375,0.13595523801632226,69.63067197799683,0.13237172164596045,68.43121807391827,0.1514838089545568,74.82830556233723,32,26,6,513.875
17768,15,0.8125,0.6962122601251458,0.15234375,0.1371379045303911,70.56349301338196,0.13347795605659485,68.48373618492714,0.15299768125017485,79.57577260335286,32,26,6,515.40625
17768,16,0.875,0.5435644431995964,0.109375,0.1311048474162817,65.35718524456024,0.12871674288596427,64.96618502480644,0.1478215791285038,68.09418678283691,32,28,4,501.1875
2119,1,0.09375,0.4488644887230294,0.0849609375,0.19894723943434656,106.40701150894165,0.26835253338019055,147.1385040283203,0.1917673814399489,102.19340883452317,32,3,29,545.34375
2119,2,0.125,0.5435644431995964,0.109375,0.1944447853602469,106.1720941066742,0.17334922030568123,98.8093032836914,0.19745843751089914,107.2239213671003,32,4,28,549.5625
2119,3,0.0625,0.3372900666170139,0.05859375,0.20709045929834247,109.45401895046234,0.24376987665891647,130.1994972229004,0.20464516480763753,108.07098706563313,32,2,30,530.28125
2119,4,0.09375,0.4488644887230294,0.0849609375,0.20918075530789793,102.3850474357605,0.2101848026116689,109.47161102294922,0.20907688834543886,101.6519546508789,32,3,29,503.375
2119,5,0.125,0.5435644431995964,0.109375,0.21241341880522668,98.44784092903137,0.22140179947018623,124.52584266662598,0.21112936442451818,94.722412109375,32,4,28,466.1875
2119,6,0.125,0.5435644431995964,0.109375,0.21870496938936412,111.01495099067688,0.16407187096774578,110.777099609375,0.2265096977353096,111.04892975943429,32,4,28,528.78125
2119,7,0.15625,0.6252624052234231,0.1318359375,0.20395276602357626,118.97118186950684,0.17570532560348512,96.58740692138672,0.20918377350877831,123.11632537841797,32,5,27,581.8125
2119,8,0.0625,0.3372900666170139,0.05859375,0.19659525691531599,107.06012630462646,0.18221373111009598,113.56704330444336,0.19755402530233065,106.626331837972,32,2,30,545.78125
2119,9,0.09375,0.4488644887230294,0.0849609375,0.2163335452787578,115.49520123004913,0.1816220978895823,102.84189860026042,0.21992438466384492,116.80416357106176,32,3,29,542.46875
2119,10,0.21875,0.7578784625383954,0.1708984375,0.21360983769409359,114.85531389713287,0.19890624178307398,100.06674085344586,0.21772684454917907,118.99611434936523,32,7,25,553.78125
2119,11,0.09375,0.4488644887230294,0.0849609375,0.21722281770780683,119.67321586608887,0.15806445479393005,89.92803955078125,0.22334264835406994,122.75030307112068,32,3,29,571.34375
2119,12,0.03125,0.20062232431271465,0.0302734375,0.21488393959589303,117.84907948970795,0.19319035112857819,133.49453735351562,0.215583732772258,117.34438730055287,32,1,31,558.34375
2119,13,0.0625,0.3372900666170139,0.05859375,0.1985427795443684,118.76735293865204,0.22626636922359467,134.00121688842773,0.19669454023241997,117.75176200866699,32,2,30,610.5625
2119,14,0.25,0.8112781244591328,0.1875,0.2000194862484932,100.74505066871643,0.18697216920554638,104.65917110443115,0.20436859192947546,99.44034385681152,32,8,24,503.09375
2119,15,0.1875,0.6962122601251458,0.15234375,0.2121587391011417,122.4302008152008,0.16886823872725168,98.28249867757161,0.2221488545720394,128.002747462346,32,6,26,586.5625
2119,16,0.15625,0.6252624052234231,0.1318359375,0.2083275376353413,120.2476110458374,0.20467444360256196,123.42327117919922,0.20900403653030042,119.65952583595559,32,5,27,583.0625
3075,1,0.15625,0.6252624052234231,0.1318359375,0.09725928329862654,79.68745589256287,0.09134798049926758,75.31787719726563,0.09835396900221154,80.49663713243272,32,5,27,858.6875
3075,2,0.09375,0.4488644887230294,0.0849609375,0.09206195664592087,76.5744172334671,0.10983196645975113,78.06652069091797,0.09022367976862809,76.42006170338598,32,3,29,881.96875
3075,3,0.28125,0.8571484374283715,0.2021484375,0.10319167352281511,83.40004551410675,0.1077704123324818,92.6720208062066,0.10139999311903249,79.77188126937203,32,9,23,861.21875
3075,4,0.375,0.954434002924965,0.234375,0.09933307953178883,85.68500244617462,0.10581772308796644,90.96019617716472,0.09544229339808226,82.51988620758057,32,12,20,897.40625
3075,5,0.3125,0.8960382325345574,0.21484375,0.10076643235515803,83.4805064201355,0.0945483349263668,73.60894393920898,0.10359284027733585,87.9675802751021,32,10,22,864.1875
3075,6,0.25,0.8112781244591328,0.1875,0.09833987697493285,85.56457710266113,0.10136942891404033,83.07498264312744,0.09733002632856369,86.39444192250569,32,8,24,884.5
3075,7,0.375,0.954434002924965,0.234375,0.1156355916755274,86.5511417388916,0.10410690245529015,83.65059757232666,0.12255280520766973,88.29146823883056,32,12,20,807.59375
3075,8,0.34375,0.9283620723948676,0.2255859375,0.10560833604540676,82.65510523319244,0.10256656767292456,83.47944849187678,0.10720164328813553,82.22330638340541,32,11,21,851.6875
3075,9,0.28125,0.8571484374283715,0.2021484375,0.10683607659302652,87.02471160888672,0.08826214571793874,80.07094234890408,0.11410413650066956,89.74575175409731,32,9,23,856.40625
3075,10,0.375,0.954434002924965,0.234375,0.11390924162697047,88.83765065670013,0.11507093471785386,84.6275561650594,0.11321222577244043,91.36370735168457,32,12,20,822.28125
3075,11,0.40625,0.9744894033980523,0.2412109375,0.10299779765773565,84.26080894470215,0.08473351913002822,78.89748705350436,0.11549440928195652,87.93045023867958,32,13,19,878.3125
3075,12,0.21875,0.7578784625383954,0.1708984375,0.09844336495734751,83.29107975959778,0.10259531225476946,78.97422899518695,0.09728081971406936,84.49979797363281,32,7,25,900.78125
3075,13,0.34375,0.9283620723948676,0.2255859375,0.10133576521184295,84.02118587493896,0.11053263091228226,89.47016976096414,0.0965183593687557,81.16695622035435,32,11,21,881.3125
3075,14,0.3125,0.8960382325345574,0.21484375,0.10227578005287796,90.04425251483917,0.09229495488107205,84.59932022094726,0.1068125187673352,92.51922173933549,32,10,22,944.5625
3075,15,0.25,0.8112781244591328,0.1875,0.09599104034714401,78.86788129806519,0.10140381893143058,83.963463306427,0.09418678081904848,77.16935396194458,32,8,24,843.3125
3075,16,0.4375,0.9886994082884974,0.24609375,0.10324494785163552,88.83287560939789,0.10149068757891655,91.26333699907575,0.10460937250819471,86.94251675075955,32,14,18,902.5
3386,1,0.0,0.0,0.0,0.18880114960484207,173.24584889411926,0.0,0.0,0.18880114960484207,173.24584889411926,32,0,32,968.375
3386,2,0.0,0.0,0.0,0.1770442295819521,167.22934794425964,0.0,0.0,0.1770442295819521,167.22934794425964,32,0,32,981.5
3386,3,0.0,0.0,0.0,0.1792576815932989,174.12049007415771,0.0,0.0,0.1792576815932989,174.12049007415771,32,0,32,1066.65625
3386,4,0.0,0.0,0.0,0.2043970951344818,183.59739422798157,0.0,0.0,0.2043970951344818,183.59739422798157,32,0,32,968.0625
3386,5,0.0,0.0,0.0,0.17858733050525188,179.95919704437256,0.0,0.0,0.17858733050525188,179.95919704437256,32,0,32,1054.1875
3386,6,0.0,0.0,0.0,0.21596535155549645,179.68749284744263,0.0,0.0,0.21596535155549645,179.68749284744263,32,0,32,878.75
3386,7,0.0,0.0,0.0,0.19914311985485256,191.3253824710846,0.0,0.0,0.19914311985485256,191.3253824710846,32,0,32,1023.34375
3386,8,0.0,0.0,0.0,0.21569551108404994,189.12204432487488,0.0,0.0,0.21569551108404994,189.12204432487488,32,0,32,936.03125
3386,9,0.0,0.0,0.0,0.18683728040196002,169.0572066307068,0.0,0.0,0.18683728040196002,169.0572066307068,32,0,32,961.875
3386,10,0.0,0.0,0.0,0.18491906858980656,168.1483132839203,0.0,0.0,0.18491906858980656,168.1483132839203,32,0,32,977.125
3386,11,0.0,0.0,0.0,0.21195211168378592,197.45099210739136,0.0,0.0,0.21195211168378592,197.45099210739136,32,0,32,1011.03125
3386,12,0.0,0.0,0.0,0.19657270144671202,167.9539704322815,0.0,0.0,0.19657270144671202,167.9539704322815,32,0,32,913.6875
3386,13,0.0,0.0,0.0,0.16882883803918958,167.35670971870422,0.0,0.0,0.16882883803918958,167.35670971870422,32,0,32,1062.125
3386,14,0.0,0.0,0.0,0.21107770991511643,192.05112385749817,0.0,0.0,0.21107770991511643,192.05112385749817,32,0,32,965.90625
3386,15,0.03125,0.20062232431271465,0.0302734375,0.19400844350457191,175.10175943374634,0.08997459709644318,103.92066192626953,0.1973643740338664,177.39792386947138,32,1,31,952.46875
3386,16,0.0,0.0,0.0,0.18816431006416678,175.35735726356506,0.0,0.0,0.18816431006416678,175.35735726356506,32,0,32,983.34375
3442,1,0.125,0.5435644431995964,0.109375,0.08712673198897392,62.098312735557556,0.09163183812052011,63.19126033782959,0.08648314539875303,61.94217736380441,32,4,28,891.125
3442,2,0.0625,0.3372900666170139,0.05859375,0.10496253619203344,76.44017779827118,0.1811780408024788,111.1014461517334,0.09988150255133708,74.12942657470703,32,2,30,854.6875
3442,3,0.03125,0.20062232431271465,0.0302734375,0.09414361231029034,57.24679213762283,0.05764174833893776,67.5561294555664,0.0953210917932372,56.914232869302076,32,1,31,829.5
3442,4,0.1875,0.6962122601251458,0.15234375,0.09417131589725614,67.28088355064392,0.07147846991817157,59.705031077067055,0.09940812650781411,69.02915719839243,32,6,26,836.8125
3442,5,0.1875,0.6962122601251458,0.15234375,0.09371142653981224,75.34254556894302,0.05986967248221239,61.83255926767985,0.10152106209156606,78.46023471538837,32,6,26,913.40625
3442,6,0.09375,0.4488644887230294,0.0849609375,0.08878738607745618,64.819460272789,0.053910243014494576,52.69884745279948,0.09239536639431427,66.07331677140861,32,3,29,874.8125
3442,7,0.15625,0.6252624052234231,0.1318359375,0.09771127242129296,78.35648590326309,0.09727646708488465,96.37259674072266,0.09779179192803523,75.02016908151133,32,5,27,890.5
3442,8,0.15625,0.6252624052234231,0.1318359375,0.10558614123146981,69.53746747970581,0.06803113967180252,66.36041793823242,0.11254077114992672,70.12580998738606,32,5,27,862.53125
3442,9,0.15625,0.6252624052234231,0.1318359375,0.09413909772410989,67.37055778503418,0.0577905997633934,46.56342697143555,0.10087030105016849,71.22373015792282,32,5,27,887.40625
3442,10,0.15625,0.6252624052234231,0.1318359375,0.10066576435929164,72.98207879066467,0.10318560600280761,92.35819931030274,0.10019912701789979,69.39390832406504,32,5,27,909.6875
3442,11,0.21875,0.7578784625383954,0.1708984375,0.07957159297075123,67.14615714550018,0.08360655073608671,74.43194961547852,0.07844180479645729,65.10613525390625,32,7,25,1025.28125
3442,12,0.09375,0.4488644887230294,0.0849609375,0.09481743967626244,66.7579048871994,0.11384951323270798,83.89900588989258,0.09284860448076807,64.98468754209321,32,3,29,805.15625
3442,13,0.15625,0.6252624052234231,0.1318359375,0.0755316074937582,63.18610942363739,0.05823715254664421,55.20796508789063,0.07873428433581635,64.66354355988679,32,5,27,970.6875
3442,14,0.09375,0.4488644887230294,0.0849609375,0.11016931192716584,65.02789056301117,0.04779695843656858,44.831459045410156,0.11662162435722762,67.11717658207334,32,3,29,833.5
3442,15,0.03125,0.20062232431271465,0.0302734375,0.08082758524687961,62.97795730829239,0.03429451212286949,40.330345153808594,0.08232865212184767,63.708525442307995,32,1,31,886.09375
3442,16,0.09375,0.4488644887230294,0.0849609375,0.10802858014358208,75.21790254116058,0.10322558755675952,81.3247667948405,0.10852544144566717,74.5861579631937,32,3,29,997.65625
3626,1,0.21875,0.7578784625383954,0.1708984375,0.1363702353555709,62.98504954576492,0.11992768517562322,53.65451158796038,0.14097414940595626,65.5976001739502,32,7,25,451.78125
3626,2,0.1875,0.6962122601251458,0.15234375,0.1259844098240137,54.05444896221161,0.12224550048510234,55.705572764078774,0.12684723505607018,53.67342039254996,32,6,26,431.53125
3626,3,0.03125,0.20062232431271465,0.0302734375,0.1274871532805264,55.15334290266037,0.10255663841962814,63.48255920410156,0.12829136343732958,54.88465850583969,32,1,31,435.8125
3626,4,0.0625,0.3372900666170139,0.05859375,0.13640429079532623,59.704182863235474,0.1574467569589615,80.02605819702148,0.13500145971775054,58.34939117431641,32,2,30,437.03125
3626,5,0.03125,0.20062232431271465,0.0302734375,0.12303416943177581,56.135484755039215,0.13096696138381958,67.05508422851562,0.12277827291719375,55.783239610733524,32,1,31,447.875
3626,6,0.25,0.8112781244591328,0.1875,0.13219469832256436,58.51370632648468,0.11203016433864832,52.340331077575684,0.1389162096505364,60.57149807612101,32,8,24,445.5
3626,7,0.1875,0.6962122601251458,0.15234375,0.12593997828662395,58.12982702255249,0.12186421702305476,62.11959457397461,0.12688053857821685,57.20911143376277,32,6,26,459.0
3626,8,0.15625,0.6252624052234231,0.1318359375,0.1291788190137595,55.937716245651245,0.10758851766586304,46.60093765258789,0.13317702296707365,57.66674931844076,32,5,27,431.9375
3626,9,0.09375,0.4488644887230294,0.0849609375,0.12947594816796482,58.69549298286438,0.12759451816479364,61.287244160970054,0.12967057885794803,58.427380792025865,32,3,29,450.625
3626,10,0.0625,0.3372900666170139,0.05859375,0.12225035950541496,55.5320046544075,0.11961571499705315,69.8579273223877,0.12242600247263909,54.57694314320882,32,2,30,453.90625
3626,11,0.09375,0.4488644887230294,0.0849609375,0.12829194334335625,55.82787036895752,0.09616139531135559,49.5029665629069,0.13161579313977012,56.48217076268689,32,3,29,438.03125
3626,12,0.0625,0.3372900666170139,0.05859375,0.13694626174401492,62.99408829212189,0.15460458025336266,76.44284439086914,0.1357690405100584,62.0975045522054,32,2,30,498.40625
3626,13,0.1875,0.6962122601251458,0.15234375,0.13004729337990284,59.60581302642822,0.1291458954413732,66.75951258341472,0.1302553082887943,57.95495928250826,32,6,26,460.9375
3626,14,0.09375,0.4488644887230294,0.0849609375,0.1276069434825331,56.78196561336517,0.10687971611817677,47.735329945882164,0.12975113941677685,57.71782447551859,32,3,29,438.59375
3626,15,0.15625,0.6252624052234231,0.1318359375,0.12422659993171692,54.20125204324722,0.09921553432941436,44.651123046875,0.12885827874695813,55.96979444998282,32,5,27,434.5
3626,16,0.25,0.8112781244591328,0.1875,0.1265174439176917,59.021485686302185,0.10443775448948145,53.82011604309082,0.13387734039376178,60.75527556737264,32,8,24,462.84375
3689,1,0.4375,0.9886994082884974,0.24609375,0.12694369861856103,60.75209665298462,0.13146114562238967,59.73623085021973,0.12343012872669432,61.542214499579536,32,14,18,493.6875
3689,2,0.625,0.954434002924965,0.234375,0.1314414308872074,58.992422223091125,0.1317600354552269,60.56699810028076,0.13091042327384153,56.368129094441734,32,20,12,456.0
3689,3,0.625,0.954434002924965,0.234375,0.13037917716428638,61.41767382621765,0.12515235804021357,64.42568759918213,0.13909054237107435,56.40431753794352,32,20,12,481.78125
3689,4,0.65625,0.9283620723948676,0.2255859375,0.12927416199818254,70.774698138237,0.12856164006959825,67.02319517589751,0.13063443113457074,77.93665833906694,32,21,11,561.59375
3689,5,0.53125,0.9971803988942642,0.2490234375,0.13010214478708804,64.03042411804199,0.12980030520873911,63.23889025519876,0.13044422964255015,64.92749582926432,32,17,15,499.34375
3689,6,0.6875,0.8960382325345574,0.21484375,0.12644469970837235,71.6056843996048,0.12029936435547742,70.06197946721858,0.13996443748474122,75.0018352508545,32,22,10,577.90625
3689,7,0.53125,0.9971803988942642,0.2490234375,0.13402148196473718,66.87314105033875,0.123869690386688,65.91674692490521,0.1455268457531929,67.95705439249674,32,17,15,503.875
3689,8,0.78125,0.7578784625383954,0.1708984375,0.11539995134808123,58.33870494365692,0.11056738913059234,56.276026306152346,0.13265910212482726,65.70541436331612,32,25,7,518.78125
3689,9,0.75,0.8112781244591328,0.1875,0.11888383026234806,58.82797932624817,0.11362511571496725,57.75966262817383,0.13465997390449047,62.03292942047119,32,24,8,514.625
3689,10,0.59375,0.9744894033980523,0.2412109375,0.12470394838601351,66.98871040344238,0.11740407033970482,64.7694411026804,0.1353730009152339,70.23225784301758,32,19,13,547.5625
3689,11,0.75,0.8112781244591328,0.1875,0.12490728963166475,66.94708728790283,0.1237570745870471,64.65884447097778,0.1283579347655177,73.81181573867798,32,24,8,546.46875
3689,12,0.71875,0.8571484374283715,0.2021484375,0.12175735272467136,65.4569947719574,0.11472903613163077,59.04962672357974,0.13971860624021953,81.83137978447809,32,23,9,537.0625
3689,13,0.5625,0.9886994082884974,0.24609375,0.12371238903142512,60.73386633396149,0.11861334244410197,59.13561651441786,0.13026830607226916,62.78875895908901,32,18,14,493.71875
3689,14,0.71875,0.8571484374283715,0.2021484375,0.12980110198259354,63.33595681190491,0.12794466835001242,60.141113447106406,0.13454532126585642,71.50055652194553,32,23,9,491.5
3689,15,0.71875,0.8571484374283715,0.2021484375,0.1288635462988168,66.3092257976532,0.12285416184560112,60.07189244809358,0.1442208621237013,82.24907769097223,32,23,9,525.65625
3689,16,0.71875,0.8571484374283715,0.2021484375,0.11828973051160574,59.31442928314209,0.11782319228286328,58.33758146866508,0.11948199487394756,61.810818142361114,32,23,9,511.53125
4250,1,0.0,0.0,0.0,0.204504118533805,110.22421419620514,0.0,0.0,0.204504118533805,110.22421419620514,32,0,32,556.84375
4250,2,0.0,0.0,0.0,0.18310568016022444,112.22933793067932,0.0,0.0,0.18310568016022444,112.22933793067932,32,0,32,637.4375
4250,3,0.0,0.0,0.0,0.1854260030668229,103.78395879268646,0.0,0.0,0.1854260030668229,103.78395879268646,32,0,32,575.59375
4250,4,0.0,0.0,0.0,0.17512216698378325,103.62187910079956,0.0,0.0,0.17512216698378325,103.62187910079956,32,0,32,609.65625
4250,5,0.0,0.0,0.0,0.197462193435058,102.30379545688629,0.0,0.0,0.197462193435058,102.30379545688629,32,0,32,530.71875
4250,6,0.0,0.0,0.0,0.19429824221879244,119.48454308509827,0.0,0.0,0.19429824221879244,119.48454308509827,32,0,32,636.84375
4250,7,0.0,0.0,0.0,0.18558822595514357,114.66423428058624,0.0,0.0,0.18558822595514357,114.66423428058624,32,0,32,670.1875
4250,8,0.0,0.0,0.0,0.19771548779681325,111.67206692695618,0.0,0.0,0.19771548779681325,111.67206692695618,32,0,32,591.875
4250,9,0.0,0.0,0.0,0.20418338966555893,115.24186730384827,0.0,0.0,0.20418338966555893,115.24186730384827,32,0,32,598.1875
4250,10,0.0,0.0,0.0,0.2252815063111484,106.7153434753418,0.0,0.0,0.2252815063111484,106.7153434753418,32,0,32,486.03125
4250,11,0.0,0.0,0.0,0.20358612411655486,102.97016954421997,0.0,0.0,0.20358612411655486,102.97016954421997,32,0,32,523.90625
4250,12,0.0,0.0,0.0,0.19035328715108335,108.54288852214813,0.0,0.0,0.19035328715108335,108.54288852214813,32,0,32,573.09375
4250,13,0.0,0.0,0.0,0.20661929668858647,110.97203075885773,0.0,0.0,0.20661929668858647,110.97203075885773,32,0,32,559.625
4250,14,0.0,0.0,0.0,0.21428229985758662,127.60153913497925,0.0,0.0,0.21428229985758662,127.60153913497925,32,0,32,607.59375
4250,15,0.0,0.0,0.0,0.19185335072688758,110.91928040981293,0.0,0.0,0.19185335072688758,110.91928040981293,32,0,32,592.53125
4250,16,0.0,0.0,0.0,0.19638926489278674,102.249436378479,0.0,0.0,0.19638926489278674,102.249436378479,32,0,32,524.21875
4444,1,0.03125,0.20062232431271465,0.0302734375,0.1671424286905676,110.902761220932,0.2822301983833313,136.3171844482422,0.16342991999080103,110.08294111682522,32,1,31,711.9375
4444,2,0.03125,0.20062232431271465,0.0302734375,0.18772076722234488,125.97887253761292,0.16798263788223267,114.73213958740234,0.1883574810720259,126.34167037471649,32,1,31,695.125
4444,3,0.0625,0.3372900666170139,0.05859375,0.15939597855322063,137.92573404312134,0.13455532863736153,91.69235229492188,0.16105202188094456,141.0079594930013,32,2,30,935.9375
4444,4,0.15625,0.6252624052234231,0.1318359375,0.20340310712344944,134.28659844398499,0.21142947673797607,125.52371826171876,0.20191674238001858,135.90935403329354,32,5,27,703.5
4444,5,0.125,0.5435644431995964,0.109375,0.19531326927244663,142.37324976921082,0.20978427305817604,126.84412002563477,0.19324598301734244,144.59169687543596,32,4,28,832.9375
4444,6,0.25,0.8112781244591328,0.1875,0.17765629617497325,132.42901730537415,0.16139012295752764,96.19570064544678,0.18307835391412178,144.50678952534994,32,8,24,779.5625
4444,7,0.21875,0.7578784625383954,0.1708984375,0.2110270143020898,124.29879808425903,0.20464794018438884,100.39586530412946,0.21281315505504608,130.9916192626953,32,7,25,623.5
4444,8,0.21875,0.7578784625383954,0.1708984375,0.17133625992573798,121.70238924026489,0.17459356039762497,106.07006072998047,0.1704242157936096,126.07944122314453,32,7,25,787.875
4444,9,0.15625,0.6252624052234231,0.1318359375,0.20199642423540354,137.2668957710266,0.19009151458740234,116.01262664794922,0.20420103713318152,141.20287153455945,32,5,27,763.625
4444,10,0.15625,0.6252624052234231,0.1318359375,0.19643595884554088,132.95574617385864,0.1722847431898117,94.18895111083984,0.20090840618919442,140.1347822966399,32,5,27,716.3125
4444,11,0.25,0.8112781244591328,0.1875,0.17718208581209183,113.90776896476746,0.16980118863284588,87.3458251953125,0.17964238487184048,122.76175022125244,32,8,24,709.15625
4444,12,0.25,0.8112781244591328,0.1875,0.19303473783656955,131.97761964797974,0.2124496679753065,113.1253547668457,0.18656309445699057,138.26170794169107,32,8,24,789.59375
4444,13,0.21875,0.7578784625383954,0.1708984375,0.1750702913850546,120.89171409606934,0.17866384663752147,100.5379867553711,0.17406409591436386,126.59075775146485,32,7,25,715.15625
4444,14,0.0625,0.3372900666170139,0.05859375,0.17377410491462797,127.14651155471802,0.13410286232829094,90.86650085449219,0.17641885442038377,129.56517893473307,32,2,30,785.78125
4444,15,0.1875,0.6962122601251458,0.15234375,0.18866572668775916,132.32417702674866,0.1622113734483719,91.9359614054362,0.19477057743531007,141.64453447782077,32,6,26,755.34375
4444,16,0.25,0.8112781244591328,0.1875,0.18297684495337307,129.50952887535095,0.17882922384887934,113.67349052429199,0.18435938532153764,134.78820832570395,32,8,24,757.28125
4998,1,0.0,0.0,0.0,0.23867099406197667,173.08883023262024,0.0,0.0,0.23867099406197667,173.08883023262024,32,0,32,806.625
4998,2,0.0,0.0,0.0,0.24088687624316663,183.1632649898529,0.0,0.0,0.24088687624316663,183.1632649898529,32,0,32,852.6875
4998,3,0.0,0.0,0.0,0.23835002235136926,186.18386435508728,0.0,0.0,0.23835002235136926,186.18386435508728,32,0,32,839.5625
4998,4,0.0,0.0,0.0,0.22864397941157222,166.29248976707458,0.0,0.0,0.22864397941157222,166.29248976707458,32,0,32,771.46875
4998,5,0.0,0.0,0.0,0.25585139309987426,184.7129430770874,0.0,0.0,0.25585139309987426,184.7129430770874,32,0,32,731.15625
4998,6,0.0,0.0,0.0,0.22257029567845166,168.10125398635864,0.0,0.0,0.22257029567845166,168.10125398635864,32,0,32,839.34375
4998,7,0.0,0.0,0.0,0.2680789972655475,181.65287113189697,0.0,0.0,0.2680789972655475,181.65287113189697,32,0,32,791.40625
4998,8,0.0,0.0,0.0,0.25576213747262955,194.3041067123413,0.0,0.0,0.25576213747262955,194.3041067123413,32,0,32,778.21875
4998,9,0.0,0.0,0.0,0.23831174802035093,178.75347232818604,0.0,0.0,0.23831174802035093,178.75347232818604,32,0,32,852.5
4998,10,0.0,0.0,0.0,0.25508134718984365,191.42441749572754,0.0,0.0,0.25508134718984365,191.42441749572754,32,0,32,789.78125
4998,11,0.0,0.0,0.0,0.25631433515809476,185.562438249588,0.0,0.0,0.25631433515809476,185.562438249588,32,0,32,794.5
4998,12,0.0,0.0,0.0,0.27117714169435203,193.7472369670868,0.0,0.0,0.27117714169435203,193.7472369670868,32,0,32,814.125
4998,13,0.0,0.0,0.0,0.23525364277884364,178.63342213630676,0.0,0.0,0.23525364277884364,178.63342213630676,32,0,32,823.15625
4998,14,0.0,0.0,0.0,0.2930057665798813,200.48128461837769,0.0,0.0,0.2930057665798813,200.48128461837769,32,0,32,755.0625
4998,15,0.0,0.0,0.0,0.27094220626167953,188.4093427658081,0.0,0.0,0.27094220626167953,188.4093427658081,32,0,32,725.09375
4998,16,0.0,0.0,0.0,0.28698735660873353,200.94071793556213,0.0,0.0,0.28698735660873353,200.94071793556213,32,0,32,779.59375
549,1,0.03125,0.20062232431271465,0.0302734375,0.15804205293534324,124.45630872249603,0.2798251509666443,111.37041473388672,0.15411356590207545,124.87843433503181,32,1,31,902.28125
549,2,0.09375,0.4488644887230294,0.0849609375,0.16870967240538448,138.50454807281494,0.11965310325225194,123.03994496663411,0.1737844899039844,140.10433460104053,32,3,29,895.375
549,3,0.15625,0.6252624052234231,0.1318359375,0.1721756289480254,125.5957601070404,0.12038720846176147,91.95709991455078,0.18176607718622242,131.8251416241681,32,5,27,849.09375
549,4,0.03125,0.20062232431271465,0.0302734375,0.12918947031721473,105.42489385604858,0.09752243012189865,95.86454772949219,0.13021098774287007,105.73329211819556,32,1,31,938.25
549,5,0.1875,0.6962122601251458,0.15234375,0.15511847112793475,118.35149765014648,0.16332964474956194,109.07928466796875,0.15322358490755925,120.49123910757211,32,6,26,817.53125
549,6,0.09375,0.4488644887230294,0.0849609375,0.14177061174996197,113.0336287021637,0.13384329775969186,100.0551986694336,0.14259067871447267,114.37622491244612,32,3,29,921.5
549,7,0.1875,0.6962122601251458,0.15234375,0.14770680747460574,110.44057369232178,0.15176109845439592,101.51380920410156,0.14677120186388493,112.50059626652644,32,6,26,818.6875
549,8,0.0625,0.3372900666170139,0.05859375,0.14917068765498698,119.8625419139862,0.13250135257840157,92.17494201660156,0.15028197666009266,121.70838190714518,32,2,30,897.59375
549,9,0.15625,0.6252624052234231,0.1318359375,0.1492837037658319,115.31147074699402,0.19035667181015015,137.3082534790039,0.1416775985724396,111.23799246328848,32,5,27,812.875
549,10,0.09375,0.4488644887230294,0.0849609375,0.1443611941067502,113.21233797073364,0.11807274570067723,89.98035939534505,0.14708068876944738,115.61564609922212,32,3,29,874.40625
549,11,0.15625,0.6252624052234231,0.1318359375,0.1518757864832878,110.70379638671875,0.1661122903227806,103.83395843505859,0.14923939688338173,111.97598859998915,32,5,27,796.5
549,12,0.0625,0.3372900666170139,0.05859375,0.14400640595704317,111.37700581550598,0.13399624451994896,94.39229583740234,0.14467375005284946,112.50931981404622,32,2,30,806.96875
549,13,0.03125,0.20062232431271465,0.0302734375,0.12536397122312337,103.57197844982147,0.16453300416469574,80.62117004394531,0.12410045403145975,104.31232710807554,32,1,31,965.21875
549,14,0.09375,0.4488644887230294,0.0849609375,0.1437556017190218,112.46798384189606,0.11745226631561916,119.45672607421875,0.1464766364159255,111.74501050751785,32,3,29,827.71875
549,15,0.1875,0.6962122601251458,0.15234375,0.14845695468829945,107.63997876644135,0.1534285843372345,108.43593215942383,0.1473096555385452,107.45629721421462,32,6,26,802.03125
549,16,0.125,0.5435644431995964,0.109375,0.15175612934399396,115.36326217651367,0.1895004715770483,105.96606826782227,0.14636408045355762,116.70571844918388,32,4,28,846.65625
5809,1,0.40625,0.9744894033980523,0.2412109375,0.11043228511698544,86.0781751871109,0.09765828056977345,64.64654599703275,0.11917239349139364,100.7419214750591,32,13,19,785.21875
5809,2,0.53125,0.9971803988942642,0.2490234375,0.11285193427465856,85.65940833091736,0.11173876857056338,82.12759107701919,0.1141135220726331,89.66213455200196,32,17,15,764.65625
5809,3,0.21875,0.7578784625383954,0.1708984375,0.1160214104456827,81.09897875785828,0.11100655155522483,73.83915328979492,0.11742557093501091,83.13172988891601,32,7,25,713.375
5809,4,0.34375,0.9283620723948676,0.2255859375,0.11298031697515398,80.68676149845123,0.10949496112086556,71.33104116266423,0.11480597956549554,85.58737691243489,32,11,21,720.53125
5809,5,0.5,1.0,0.25,0.10136221698485315,72.68153822422028,0.10093758581206203,64.48630952835083,0.10178684815764427,80.87676692008972,32,16,16,725.59375
5809,6,0.375,0.954434002924965,0.234375,0.09979682485572994,77.690425157547,0.1012363824993372,75.2870553334554,0.09893309026956558,79.13244705200195,32,12,20,785.40625
5809,7,0.3125,0.8960382325345574,0.21484375,0.11476682033389807,82.64728009700775,0.11281447857618332,72.39081954956055,0.1156542484055866,87.30930761857466,32,10,22,734.1875
5809,8,0.59375,0.9744894033980523,0.2412109375,0.10116033139638603,73.87216377258301,0.09764081435768228,64.76261500308388,0.1063042409144915,87.18611966646634,32,19,13,739.71875
5809,9,0.3125,0.8960382325345574,0.21484375,0.09921152563765645,72.0688169002533,0.09400521144270897,58.700373840332034,0.1015780320899053,78.14538192749023,32,10,22,741.40625
5809,10,0.375,0.954434002924965,0.234375,0.10534127184655517,80.20070266723633,0.08912816985199849,68.14353370666504,0.11506913304328918,87.4350040435791,32,12,20,768.5
5809,11,0.375,0.954434002924965,0.234375,0.11232532397843897,76.8821873664856,0.10453724364439647,69.08727804819743,0.11699817217886448,81.5591329574585,32,12,20,694.96875
5809,12,0.625,0.954434002924965,0.234375,0.11230336618609726,78.39015603065491,0.1148383792489767,74.08321151733398,0.10807834441463153,85.56839688618977,32,20,12,716.28125
5809,13,0.34375,0.9283620723948676,0.2255859375,0.10686607728712261,79.56856644153595,0.08433730697089975,57.606793490323156,0.11866686173847743,91.0723522731236,32,11,21,750.375
5809,14,0.53125,0.9971803988942642,0.2490234375,0.11145758116617799,74.457923412323,0.10633384348715053,68.95405758128447,0.11726448386907577,80.69563802083333,32,17,15,683.0625
5809,15,0.5,1.0,0.25,0.10143014031928033,69.57282090187073,0.09483408904634416,58.928120613098145,0.10802619159221649,80.21752119064331,32,16,16,698.84375
5809,16,0.5,1.0,0.25,0.11152121832128614,75.36056673526764,0.10881511145271361,74.30568933486938,0.11422732518985868,76.4154441356659,32,16,16,693.3125
5944,1,0.0,0.0,0.0,0.3475880017504096,284.552996635437,0.0,0.0,0.3475880017504096,284.552996635437,32,0,32,913.34375
5944,2,0.0,0.0,0.0,0.32512688264250755,273.1840033531189,0.0,0.0,0.32512688264250755,273.1840033531189,32,0,32,938.875
5944,3,0.03125,0.20062232431271465,0.0302734375,0.33594907633960247,269.2344298362732,0.3656975328922272,367.1603088378906,0.33498944870887265,266.0755305136404,32,1,31,876.0625
5944,4,0.0,0.0,0.0,0.3287593087879941,258.3106129169464,0.0,0.0,0.3287593087879941,258.3106129169464,32,0,32,876.0625
5944,5,0.0,0.0,0.0,0.3299149579834193,273.88852310180664,0.0,0.0,0.3299149579834193,273.88852310180664,32,0,32,987.75
5944,6,0.0,0.0,0.0,0.31480095023289323,238.5082721710205,0.0,0.0,0.31480095023289323,238.5082721710205,32,0,32,885.625
5944,7,0.0,0.0,0.0,0.3225669520907104,264.2527406215668,0.0,0.0,0.3225669520907104,264.2527406215668,32,0,32,916.375
5944,8,0.0,0.0,0.0,0.3159018917940557,250.38643860816956,0.0,0.0,0.3159018917940557,250.38643860816956,32,0,32,853.15625
5944,9,0.0,0.0,0.0,0.2876772568561137,243.02978038787842,0.0,0.0,0.2876772568561137,243.02978038787842,32,0,32,985.625
5944,10,0.0,0.0,0.0,0.30641080462373793,247.8643307685852,0.0,0.0,0.30641080462373793,247.8643307685852,32,0,32,983.71875
5944,11,0.0,0.0,0.0,0.31896225619129837,270.4268412590027,0.0,0.0,0.31896225619129837,270.4268412590027,32,0,32,915.46875
5944,12,0.0,0.0,0.0,0.3445670634973794,267.8840579986572,0.0,0.0,0.3445670634973794,267.8840579986572,32,0,32,850.03125
5944,13,0.0,0.0,0.0,0.3461147539783269,290.11142110824585,0.0,0.0,0.3461147539783269,290.11142110824585,32,0,32,988.3125
5944,14,0.0,0.0,0.0,0.2705957421567291,248.8997368812561,0.0,0.0,0.2705957421567291,248.8997368812561,32,0,32,1102.71875
5944,15,0.0,0.0,0.0,0.3662675805389881,292.10531544685364,0.0,0.0,0.3662675805389881,292.10531544685364,32,0,32,864.625
5944,16,0.0,0.0,0.0,0.38485495233908296,298.5741982460022,0.0,0.0,0.38485495233908296,298.5741982460022,32,0,32,842.0
6067,1,0.125,0.5435644431995964,0.109375,0.13228278676979244,108.72021865844727,0.10888303816318512,104.09586143493652,0.13562560799930776,109.3808411189488,32,4,28,857.78125
6067,2,0.09375,0.4488644887230294,0.0849609375,0.13283310481347144,119.65618777275085,0.10157084961732228,91.97413889567058,0.13606713121307307,122.51984800141433,32,3,29,928.90625
6067,3,0.09375,0.4488644887230294,0.0849609375,0.12845587241463363,106.62409901618958,0.09611172477404277,91.91304016113281,0.13180181872228097,108.14593269085061,32,3,29,867.5625
6067,4,0.09375,0.4488644887230294,0.0849609375,0.13633102038875222,117.14613103866577,0.11811628689368565,103.68577575683594,0.13821530316410394,118.53858158506196,32,3,29,883.5625
6067,5,0.0,0.0,0.0,0.12965410738252103,117.4180908203125,0.0,0.0,0.12965410738252103,117.4180908203125,32,0,32,929.25
6067,6,0.09375,0.4488644887230294,0.0849609375,0.1250383115839213,106.92600750923157,0.10417535156011581,84.45395406087239,0.12719654882776327,109.25070269354458,32,3,29,869.8125
6067,7,0.03125,0.20062232431271465,0.0302734375,0.1289505884051323,116.4701292514801,0.08834508061408997,95.5893783569336,0.1302604434951659,117.14370186098161,32,1,31,923.9375
6067,8,0.09375,0.4488644887230294,0.0849609375,0.13029049127362669,116.71883177757263,0.10448503494262695,94.09182484944661,0.13296002123890252,119.05955663220635,32,3,29,927.4375
6067,9,0.03125,0.20062232431271465,0.0302734375,0.1281603656243533,114.85023522377014,0.08648233115673065,73.50997924804688,0.1295048183491153,116.1837918681483,32,1,31,920.96875
6067,10,0.15625,0.6252624052234231,0.1318359375,0.12227503734175116,108.78757286071777,0.1085054412484169,97.7918930053711,0.12482496254422047,110.82380987096715,32,5,27,926.15625
6067,11,0.03125,0.20062232431271465,0.0302734375,0.12404102622531354,112.25023829936981,0.08092813938856125,72.02604675292969,0.12543176451037008,113.54779286538401,32,1,31,925.3125
6067,12,0.0625,0.3372900666170139,0.05859375,0.11929509416222572,110.1812915802002,0.09519758075475693,76.5647964477539,0.12090159505605698,112.42239125569661,32,2,30,936.53125
6067,13,0.03125,0.20062232431271465,0.0302734375,0.1321554551832378,116.78331303596497,0.12248311191797256,135.83377075195312,0.13246746625631087,116.16878214190083,32,1,31,919.28125
6067,14,0.03125,0.20062232431271465,0.0302734375,0.12743583577685058,104.4479706287384,0.09196354448795319,71.36370849609375,0.12858010323778277,105.51520489108178,32,1,31,864.65625
6067,15,0.09375,0.4488644887230294,0.0849609375,0.1284491280093789,117.55170583724976,0.11732015510400136,101.08598327636719,0.1296004010685559,119.25505644699624,32,3,29,933.5625
6067,16,0.09375,0.4488644887230294,0.0849609375,0.12215719744563103,114.03742170333862,0.10424930602312088,94.58155822753906,0.12400973793761484,116.05009723531789,32,3,29,948.84375
7665,1,0.0,0.0,0.0,0.47235505655407906,184.38377904891968,0.0,0.0,0.47235505655407906,184.38377904891968,32,0,32,400.5
7665,2,0.0,0.0,0.0,0.4201726750470698,175.89748620986938,0.0,0.0,0.4201726750470698,175.89748620986938,32,0,32,418.5
7665,3,0.0,0.0,0.0,0.4644149709492922,181.38258910179138,0.0,0.0,0.4644149709492922,181.38258910179138,32,0,32,396.34375
7665,4,0.0,0.0,0.0,0.47092901496216655,183.94918155670166,0.0,0.0,0.47092901496216655,183.94918155670166,32,0,32,392.6875
7665,5,0.0,0.0,0.0,0.4423480788245797,186.73092031478882,0.0,0.0,0.4423480788245797,186.73092031478882,32,0,32,433.5
7665,6,0.0,0.0,0.0,0.4586335187777877,178.59290194511414,0.0,0.0,0.4586335187777877,178.59290194511414,32,0,32,389.3125
7665,7,0.0,0.0,0.0,0.4482673816382885,189.13877820968628,0.0,0.0,0.4482673816382885,189.13877820968628,32,0,32,422.84375
7665,8,0.0,0.0,0.0,0.46205245330929756,183.25716829299927,0.0,0.0,0.46205245330929756,183.25716829299927,32,0,32,399.6875
7665,9,0.0,0.0,0.0,0.4650109428912401,190.57146048545837,0.0,0.0,0.4650109428912401,190.57146048545837,32,0,32,416.65625
7665,10,0.0,0.0,0.0,0.4197879917919636,179.84069561958313,0.0,0.0,0.4197879917919636,179.84069561958313,32,0,32,433.0
7665,11,0.0,0.0,0.0,0.49168109335005283,188.33694171905518,0.0,0.0,0.49168109335005283,188.33694171905518,32,0,32,389.375
7665,12,0.0,0.0,0.0,0.4735711272805929,191.8176760673523,0.0,0.0,0.4735711272805929,191.8176760673523,32,0,32,407.0625
7665,13,0.0,0.0,0.0,0.4328695209696889,174.58607459068298,0.0,0.0,0.4328695209696889,174.58607459068298,32,0,32,407.21875
7665,14,0.0,0.0,0.0,0.4272371297702193,166.86260271072388,0.0,0.0,0.4272371297702193,166.86260271072388,32,0,32,395.78125
7665,15,0.0,0.0,0.0,0.4500015936791897,183.93917274475098,0.0,0.0,0.4500015936791897,183.93917274475098,32,0,32,407.0625
7665,16,0.0,0.0,0.0,0.4170703259296715,183.9234001636505,0.0,0.0,0.4170703259296715,183.9234001636505,32,0,32,451.75
7690,1,0.03125,0.20062232431271465,0.0302734375,0.2496541221626103,115.8426284790039,0.2735790014266968,140.3460235595703,0.24888235186376878,115.0521963796308,32,1,31,465.375
7690,2,0.0,0.0,0.0,0.2793605630286038,140.46740102767944,0.0,0.0,0.2793605630286038,140.46740102767944,32,0,32,511.625
7690,3,0.0625,0.3372900666170139,0.05859375,0.2955848246347159,150.5081205368042,0.33545686304569244,144.80751037597656,0.2929266887406508,150.8881612141927,32,2,30,508.125
7690,4,0.0,0.0,0.0,0.29640766559168696,150.07954907417297,0.0,0.0,0.29640766559168696,150.07954907417297,32,0,32,518.03125
7690,5,0.09375,0.4488644887230294,0.0849609375,0.2731620375998318,129.89727592468262,0.2621200680732727,153.1400400797526,0.2743043103094759,127.49285204657193,32,3,29,476.9375
7690,6,0.03125,0.20062232431271465,0.0302734375,0.30595686193555593,147.91306328773499,0.22534391283988953,104.334228515625,0.30855727964831936,149.31883215135144,32,1,31,491.15625
7690,7,0.0,0.0,0.0,0.30507091898471117,139.19368767738342,0.0,0.0,0.30507091898471117,139.19368767738342,32,0,32,468.1875
7690,8,0.125,0.5435644431995964,0.109375,0.29346920270472765,137.70181334018707,0.26845667883753777,151.98681831359863,0.2970424204000405,135.66109834398543,32,4,28,472.84375
7690,9,0.0,0.0,0.0,0.2971243290230632,140.47865343093872,0.0,0.0,0.2971243290230632,140.47865343093872,32,0,32,476.03125
7690,10,0.03125,0.20062232431271465,0.0302734375,0.2887816387228668,138.3100769519806,0.19749313592910767,100.3265151977539,0.2917264291355687,139.5353531376008,32,1,31,490.59375
7690,11,0.0,0.0,0.0,0.27771663572639227,130.40738773345947,0.0,0.0,0.27771663572639227,130.40738773345947,32,0,32,473.5625
7690,12,0.09375,0.4488644887230294,0.0849609375,0.26505042240023613,127.07755732536316,0.28777840236822766,154.1141128540039,0.26269925205871975,124.28067227067619,32,3,29,491.5
7690,13,0.0,0.0,0.0,0.2996793668717146,139.24863028526306,0.0,0.0,0.2996793668717146,139.24863028526306,32,0,32,466.46875
7690,14,0.03125,0.20062232431271465,0.0302734375,0.3045288692228496,143.91639852523804,0.32111644744873047,134.54779052734375,0.3039937860542728,144.21861168646043,32,1,31,471.03125
7690,15,0.0625,0.3372900666170139,0.05859375,0.3217648658901453,156.4186761379242,0.34854811429977417,174.35552215576172,0.31997931599617,155.2228864034017,32,2,30,495.4375
7690,16,0.03125,0.20062232431271465,0.0302734375,0.2916923747397959,142.55942296981812,0.28633272647857666,112.52876281738281,0.2918652666191901,143.52815394247733,32,1,31,486.15625
7790,1,0.0625,0.3372900666170139,0.05859375,0.18124680314213037,157.68721461296082,0.18184871226549149,198.72150421142578,0.18120667586723962,154.95159530639648,32,2,30,903.3125
7790,2,0.0,0.0,0.0,0.23059356259182096,187.44381022453308,0.0,0.0,0.23059356259182096,187.44381022453308,32,0,32,857.8125
7790,3,0.125,0.5435644431995964,0.109375,0.22159354598261416,178.32660365104675,0.20753493160009384,189.91629028320312,0.22360191946583136,176.67093413216728,32,4,28,853.34375
7790,4,0.03125,0.20062232431271465,0.0302734375,0.238552461611107,189.11081910133362,0.2023429572582245,170.37277221679688,0.23972051013861934,189.71527222664125,32,1,31,871.0625
7790,5,0.0625,0.3372900666170139,0.05859375,0.20094119990244508,172.62654280662537,0.17254652082920074,165.60179138183594,0.20283417850732804,173.094859568278,32,2,30,915.3125
7790,6,0.0,0.0,0.0,0.22020586929284036,181.85935640335083,0.0,0.0,0.22020586929284036,181.85935640335083,32,0,32,911.25
7790,7,0.0625,0.3372900666170139,0.05859375,0.23288441402837634,185.01788854599,0.17996319383382797,204.126220703125,0.23641249537467957,183.74399973551434,32,2,30,864.5625
7790,8,0.09375,0.4488644887230294,0.0849609375,0.2339572466444224,193.0240762233734,0.1789287527402242,185.05350748697916,0.23964984946209808,193.8486178167935,32,3,29,891.03125
7790,9,0.125,0.5435644431995964,0.109375,0.21437580441124737,169.11452746391296,0.21166706457734108,148.8424301147461,0.21476276724466256,172.0105413709368,32,4,28,835.96875
7790,10,0.09375,0.4488644887230294,0.0849609375,0.2079590989742428,172.3185715675354,0.2582477629184723,176.15215555826822,0.20275682339380527,171.92199391332167,32,3,29,894.59375
7790,11,0.0,0.0,0.0,0.21329474658705294,177.2840976715088,0.0,0.0,0.21329474658705294,177.2840976715088,32,0,32,900.46875
7790,12,0.0,0.0,0.0,0.21058690082281828,169.82328033447266,0.0,0.0,0.21058690082281828,169.82328033447266,32,0,32,863.78125
7790,13,0.03125,0.20062232431271465,0.0302734375,0.2679089878220111,198.07862210273743,0.3624987304210663,286.0115051269531,0.26485770580268675,195.24207748905306,32,1,31,770.125
7790,14,0.03125,0.20062232431271465,0.0302734375,0.20403649099171162,179.04938769340515,0.12284677475690842,135.8685302734375,0.20665551409606012,180.44231857792025,32,1,31,946.375
7790,15,0.03125,0.20062232431271465,0.0302734375,0.24820192391052842,202.85762810707092,0.1551392674446106,180.8923797607422,0.25120394508684835,203.56618450533958,32,1,31,881.625
7790,16,0.0,0.0,0.0,0.23584857769310474,192.28858733177185,0.0,0.0,0.23584857769310474,192.28858733177185,32,0,32,879.875
8354,1,0.0625,0.3372900666170139,0.05859375,0.0768510001944378,56.26076138019562,0.05235268175601959,51.28810119628906,0.07848422142366568,56.59227205912272,32,2,30,732.8125
8354,2,0.15625,0.6252624052234231,0.1318359375,0.0830426060128957,60.31474590301514,0.08212653547525406,58.823280334472656,0.08321224870505156,60.590943230523,32,5,27,727.09375
8354,3,0.125,0.5435644431995964,0.109375,0.08294268208555877,60.83059525489807,0.07571966759860516,59.04860496520996,0.08397454129798072,61.085165296282085,32,4,28,738.375
8354,4,0.09375,0.4488644887230294,0.0849609375,0.0765886998269707,57.2275116443634,0.08216703434785207,70.44139862060547,0.07601163073860366,55.86055781923491,32,3,29,745.34375
8354,5,0.09375,0.4488644887230294,0.0849609375,0.08111115731298923,63.8727593421936,0.09429745624462764,79.37039693196614,0.0797470574235094,62.269555453596446,32,3,29,789.125
8354,6,0.0625,0.3372900666170139,0.05859375,0.07988730864599347,62.652188301086426,0.07127229124307632,85.71483612060547,0.08046164313952128,61.114678446451826,32,2,30,788.3125
8354,7,0.125,0.5435644431995964,0.109375,0.07957521546632051,63.34916877746582,0.06294337566941977,51.19583320617676,0.08195119258016348,65.08535957336426,32,4,28,794.875
8354,8,0.15625,0.6252624052234231,0.1318359375,0.08464883745182306,60.59796857833862,0.06899479106068611,55.844913482666016,0.08754773493166323,61.478163966426145,32,5,27,728.28125
8354,9,0.15625,0.6252624052234231,0.1318359375,0.07900369621347636,62.16280436515808,0.07113312855362892,60.014136505126956,0.08046120874307773,62.5607058207194,32,5,27,787.9375
8354,10,0.3125,0.8960382325345574,0.21484375,0.07518997346051037,60.92986011505127,0.06694871857762337,54.608381271362305,0.07893599840727719,63.803259589455344,32,10,22,806.53125
8354,11,0.15625,0.6252624052234231,0.1318359375,0.07633687846828252,58.471762895584106,0.06684885919094086,57.77862701416016,0.07809391907519764,58.600121392144096,32,5,27,771.40625
8354,12,0.28125,0.8571484374283715,0.2021484375,0.08675479784142226,63.63938498497009,0.06424847038255797,51.54733361138238,0.09556162162967351,68.37105726159137,32,9,23,741.125
8354,13,0.34375,0.9283620723948676,0.2255859375,0.08186030841898173,64.08356058597565,0.06935131786899133,55.13401343605735,0.08841263680231004,68.77141861688523,32,11,21,793.1875
8354,14,0.28125,0.8571484374283715,0.2021484375,0.08692414918914437,66.46774673461914,0.0704583144850201,55.98557451036241,0.09336730189945387,70.56946630063264,32,9,23,768.59375
8354,15,0.25,0.8112781244591328,0.1875,0.079985068179667,62.35809016227722,0.07449945481494069,61.55210065841675,0.0818136059679091,62.62675333023071,32,8,24,786.65625
8354,16,0.5625,0.9886994082884974,0.24609375,0.08144410862587392,65.84106409549713,0.07480585016310215,64.23209487067328,0.08997901236372334,67.90973881312779,32,18,14,812.0
863,1,0.0,0.0,0.0,0.3265556611586362,168.8919394016266,0.0,0.0,0.3265556611586362,168.8919394016266,32,0,32,586.6875
863,2,0.0,0.0,0.0,0.3684116508811712,185.19551038742065,0.0,0.0,0.3684116508811712,185.19551038742065,32,0,32,540.78125
863,3,0.0,0.0,0.0,0.3365464601665735,168.124826669693,0.0,0.0,0.3365464601665735,168.124826669693,32,0,32,534.75
863,4,0.0,0.0,0.0,0.3310606158338487,188.2758150100708,0.0,0.0,0.3310606158338487,188.2758150100708,32,0,32,608.625
863,5,0.0,0.0,0.0,0.3627743050456047,196.88144874572754,0.0,0.0,0.3627743050456047,196.88144874572754,32,0,32,584.375
863,6,0.0,0.0,0.0,0.37333098496310413,191.53256392478943,0.0,0.0,0.37333098496310413,191.53256392478943,32,0,32,561.4375
863,7,0.0,0.0,0.0,0.35516800824552774,189.94525694847107,0.0,0.0,0.35516800824552774,189.94525694847107,32,0,32,600.125
863,8,0.0,0.0,0.0,0.3141650930047035,168.44398283958435,0.0,0.0,0.3141650930047035,168.44398283958435,32,0,32,580.6875
863,9,0.0,0.0,0.0,0.33067561965435743,188.77638244628906,0.0,0.0,0.33067561965435743,188.77638244628906,32,0,32,602.625
863,10,0.0,0.0,0.0,0.3594357892870903,188.57618808746338,0.0,0.0,0.3594357892870903,188.57618808746338,32,0,32,565.1875
863,11,0.0,0.0,0.0,0.3452706190291792,181.88687467575073,0.0,0.0,0.3452706190291792,181.88687467575073,32,0,32,622.71875
863,12,0.0,0.0,0.0,0.3503102818503976,184.1685767173767,0.0,0.0,0.3503102818503976,184.1685767173767,32,0,32,571.09375
863,13,0.0,0.0,0.0,0.37388476030901074,189.42905068397522,0.0,0.0,0.37388476030901074,189.42905068397522,32,0,32,563.75
863,14,0.0,0.0,0.0,0.3596090932842344,181.22307562828064,0.0,0.0,0.3596090932842344,181.22307562828064,32,0,32,542.625
863,15,0.0,0.0,0.0,0.35759975435212255,182.34893608093262,0.0,0.0,0.35759975435212255,182.34893608093262,32,0,32,554.84375
863,16,0.0,0.0,0.0,0.3848217655904591,212.65728282928467,0.0,0.0,0.3848217655904591,212.65728282928467,32,0,32,588.53125
8993,1,0.5625,0.9886994082884974,0.24609375,0.19880705862306058,84.27163636684418,0.16399245088299116,67.8366133371989,0.24356869714600698,105.4023802621024,32,18,14,415.78125
8993,2,0.625,0.954434002924965,0.234375,0.1891234489157796,84.00155508518219,0.17488618120551108,72.73532810211182,0.21285222843289375,102.77860005696614,32,20,12,434.65625
8993,3,0.71875,0.8571484374283715,0.2021484375,0.18121493933722377,76.04058837890625,0.16885332180106122,68.96449876868206,0.21280573970741695,94.12392849392361,32,23,9,415.34375
8993,4,0.59375,0.9744894033980523,0.2412109375,0.1856991385575384,74.28585457801819,0.17345174284357773,69.47518519351357,0.20359917844717318,81.31683290921725,32,19,13,388.25
8993,5,0.78125,0.7578784625383954,0.1708984375,0.18198622693307698,75.05817306041718,0.17623222321271897,72.5733122253418,0.20253624022006989,83.93267604282924,32,25,7,399.84375
8993,6,0.75,0.8112781244591328,0.1875,0.16764839179813862,71.94655120372772,0.16595525915424028,67.17448218663533,0.1727277897298336,86.26275825500488,32,24,8,427.0625
8993,7,0.8125,0.6962122601251458,0.15234375,0.16407851595431566,67.2040708065033,0.15952557268051,64.05699949998122,0.1838079368074735,80.8413798014323,32,26,6,405.625
8993,8,0.875,0.5435644431995964,0.109375,0.17882099421694875,75.11458992958069,0.17307950130530766,70.90972110203334,0.21901144459843636,104.54867172241211,32,28,4,413.78125
8993,9,0.78125,0.7578784625383954,0.1708984375,0.17466581356711686,70.99105215072632,0.16738798946142197,67.91699615478515,0.20065804251602717,81.9698235648019,32,25,7,402.46875
8993,10,0.84375,0.6252624052234231,0.1318359375,0.18705496448092163,76.25389182567596,0.18136631531847847,72.92441714251483,0.21777366995811462,94.2330551147461,32,27,5,409.03125
8993,11,0.84375,0.6252624052234231,0.1318359375,0.18058888684026897,76.5645821094513,0.17431395914819506,72.89923067446108,0.2144734963774681,96.35747985839843,32,27,5,413.03125
8993,12,0.6875,0.8960382325345574,0.21484375,0.18244422203861177,73.44566345214844,0.16482490030202,65.1702336398038,0.2212067298591137,91.65160903930663,32,22,10,392.625
8993,13,0.875,0.5435644431995964,0.109375,0.1822131050284952,78.04151034355164,0.17603033435131824,73.17472784859794,0.22549249976873398,112.10898780822754,32,28,4,425.8125
8993,14,0.78125,0.7578784625383954,0.1708984375,0.1832580033224076,77.1726986169815,0.16984785825014115,71.1610221862793,0.2311513785805021,98.64297158377511,32,25,7,418.0625
8993,15,0.78125,0.7578784625383954,0.1708984375,0.18721920065581799,76.7651674747467,0.17272757589817048,69.15290634155274,0.23897500336170197,103.95181437901088,32,25,7,407.96875
8993,16,0.71875,0.8571484374283715,0.2021484375,0.21476870216429234,94.51339662075043,0.1944839993248815,79.54635935244353,0.2666073871983422,132.76249186197916,32,23,9,428.4375
9187,1,0.0,0.0,0.0,0.1908490585628897,47.528252363204956,0.0,0.0,0.1908490585628897,47.528252363204956,32,0,32,248.65625
9187,2,0.0,0.0,0.0,0.1974329692311585,59.414754986763,0.0,0.0,0.1974329692311585,59.414754986763,32,0,32,291.15625
9187,3,0.0,0.0,0.0,0.1830347531940788,48.61029815673828,0.0,0.0,0.1830347531940788,48.61029815673828,32,0,32,261.59375
9187,4,0.0,0.0,0.0,0.19803326134569943,48.60488152503967,0.0,0.0,0.19803326134569943,48.60488152503967,32,0,32,246.96875
9187,5,0.0,0.0,0.0,0.18899398064240813,46.312989711761475,0.0,0.0,0.18899398064240813,46.312989711761475,32,0,32,245.875
9187,6,0.0,0.0,0.0,0.19276714231818914,49.51548355817795,0.0,0.0,0.19276714231818914,49.51548355817795,32,0,32,254.03125
9187,7,0.0,0.0,0.0,0.182742030126974,48.27026158571243,0.0,0.0,0.182742030126974,48.27026158571243,32,0,32,267.90625
9187,8,0.0,0.0,0.0,0.20563433482311666,48.90622144937515,0.0,0.0,0.20563433482311666,48.90622144937515,32,0,32,238.4375
9187,9,0.0,0.0,0.0,0.1935112182982266,51.30290389060974,0.0,0.0,0.1935112182982266,51.30290389060974,32,0,32,261.0
9187,10,0.0,0.0,0.0,0.18582833115942776,46.66593414545059,0.0,0.0,0.18582833115942776,46.66593414545059,32,0,32,249.0
9187,11,0.0,0.0,0.0,0.19257831131108105,52.09040641784668,0.0,0.0,0.19257831131108105,52.09040641784668,32,0,32,264.875
9187,12,0.0,0.0,0.0,0.18565193703398108,45.73439311981201,0.0,0.0,0.18565193703398108,45.73439311981201,32,0,32,241.03125
9187,13,0.0,0.0,0.0,0.19565956760197878,48.54695874452591,0.0,0.0,0.19565956760197878,48.54695874452591,32,0,32,247.4375
9187,14,0.0,0.0,0.0,0.19403482391498983,49.7315092086792,0.0,0.0,0.19403482391498983,49.7315092086792,32,0,32,255.34375
9187,15,0.0,0.0,0.0,0.18592652631923556,45.95253676176071,0.0,0.0,0.18592652631923556,45.95253676176071,32,0,32,245.5625
9187,16,0.0,0.0,0.0,0.19357252400368452,49.65771806240082,0.0,0.0,0.19357252400368452,49.65771806240082,32,0,32,258.84375
9195,1,0.1875,0.6962122601251458,0.15234375,0.10866978717967868,61.287905514240265,0.10348239913582802,61.11978085835775,0.1098668767282596,61.32670351175162,32,6,26,566.3125
9195,2,0.25,0.8112781244591328,0.1875,0.11367737920954823,64.10045397281647,0.09840043168514967,57.719459533691406,0.11876969505101442,66.22745211919148,32,8,24,555.1875
9195,3,0.1875,0.6962122601251458,0.15234375,0.09756140992976725,58.06932044029236,0.09924887244900067,62.5267219543457,0.09717199550225185,57.040689321664665,32,6,26,593.0625
9195,4,0.28125,0.8571484374283715,0.2021484375,0.09758825181052089,55.12631171941757,0.09033121830887264,55.78813383314345,0.10042796057203542,54.86733784882919,32,9,23,568.0625
9195,5,0.25,0.8112781244591328,0.1875,0.09806019312236458,57.44805037975311,0.09957782877609134,61.914433002471924,0.09755431457112233,55.959256172180176,32,8,24,588.6875
9195,6,0.21875,0.7578784625383954,0.1708984375,0.09791262645740062,58.2092267870903,0.09092867161546435,63.9831303187779,0.09986813381314277,56.59253379821777,32,7,25,597.78125
9195,7,0.1875,0.6962122601251458,0.15234375,0.1040221182629466,62.703078269958496,0.09420572717984517,59.76592763264974,0.10628743928212386,63.380882263183594,32,6,26,588.3125
9195,8,0.25,0.8112781244591328,0.1875,0.10025819775182754,58.0152952671051,0.10398213006556034,64.7700834274292,0.09901688698058327,55.763699213663735,32,8,24,579.78125
9195,9,0.15625,0.6252624052234231,0.1318359375,0.11268911580555141,65.50341546535492,0.09154473543167115,60.067054748535156,0.11660474180071442,66.51014893143265,32,5,27,573.75
9195,10,0.21875,0.7578784625383954,0.1708984375,0.10808374709449708,66.81931591033936,0.09866647209439959,66.00712585449219,0.11072058409452439,67.04672912597657,32,7,25,620.6875
9195,11,0.21875,0.7578784625383954,0.1708984375,0.10543090489227325,63.965973138809204,0.08882371815187591,55.78027834211077,0.1100809171795845,66.25796768188476,32,7,25,600.0625
9195,12,0.28125,0.8571484374283715,0.2021484375,0.12084982544183731,76.76230132579803,0.12293784568707149,80.61920335557726,0.12003277404152829,75.25307879240617,32,9,23,604.34375
9195,13,0.25,0.8112781244591328,0.1875,0.10939462087117136,63.86060011386871,0.08833356015384197,49.652488231658936,0.11641497444361448,68.59663740793864,32,8,24,579.40625
9195,14,0.21875,0.7578784625383954,0.1708984375,0.1092901099473238,67.14210045337677,0.09527601088796343,64.20603833879743,0.1132140576839447,67.96419784545898,32,7,25,605.375
9195,15,0.34375,0.9283620723948676,0.2255859375,0.10991806210950017,66.43823540210724,0.10510868714614348,66.15112200650302,0.11243725851887748,66.58862813313802,32,11,21,599.34375
9195,16,0.15625,0.6252624052234231,0.1318359375,0.11899301689118147,73.97481083869934,0.09601524174213409,58.94985809326172,0.12324816043730136,76.75720949526186,32,5,27,611.0
9622,1,0.0625,0.3372900666170139,0.05859375,0.1509666759520769,117.8494336605072,0.21969662606716156,204.23025512695312,0.14638467927773793,112.09071222941081,32,2,30,823.3125
9622,2,0.15625,0.6252624052234231,0.1318359375,0.16031392256263644,125.55104863643646,0.17543573454022407,135.66558227539062,0.1575135870112313,123.67798685144496,32,5,27,794.875
9622,3,0.0,0.0,0.0,0.14506814070045948,115.7013144493103,0.0,0.0,0.14506814070045948,115.7013144493103,32,0,32,838.9375
9622,4,0.0,0.0,0.0,0.178311561467126,134.88295102119446,0.0,0.0,0.178311561467126,134.88295102119446,32,0,32,790.28125
9622,5,0.03125,0.20062232431271465,0.0302734375,0.13855966844130307,107.00896954536438,0.21819020807743073,108.65872192382812,0.1359909413562667,106.95575172670426,32,1,31,796.125
9622,6,0.03125,0.20062232431271465,0.0302734375,0.1930674376199022,144.9640142917633,0.22845523059368134,194.64385986328125,0.19192589591107062,143.36143862816596,32,1,31,784.21875
9622,7,0.03125,0.20062232431271465,0.0302734375,0.17325268755666912,130.07616066932678,0.13827475905418396,98.58990478515625,0.17438100783094282,131.0918463430097,32,1,31,781.1875
9622,8,0.15625,0.6252624052234231,0.1318359375,0.16725291195325553,135.64561128616333,0.14932360798120498,136.34014587402345,0.1705731534295612,135.51699376989293,32,5,27,851.875
9622,9,0.0625,0.3372900666170139,0.05859375,0.18008806428406388,131.48454213142395,0.12269672751426697,100.54009246826172,0.18391415340205033,133.54750544230143,32,2,30,761.0
9622,10,0.15625,0.6252624052234231,0.1318359375,0.15579109266400337,115.27390015125275,0.21814266890287398,149.42292556762695,0.14424450447161993,108.9500065556279,32,5,27,769.59375
9622,11,0.0625,0.3372900666170139,0.05859375,0.16223569842986763,121.59641087055206,0.11921805143356323,100.73698806762695,0.1651035415629546,122.98703905741374,32,2,30,788.125
9622,12,0.09375,0.4488644887230294,0.0849609375,0.16541949240490794,125.13233315944672,0.25494056940078735,189.9398193359375,0.1561586913363687,118.42811045153388,32,3,29,777.0
9622,13,0.21875,0.7578784625383954,0.1708984375,0.17041299806442112,137.39317727088928,0.12913617119193077,107.58702196393695,0.1819705095887184,145.73890075683593,32,7,25,830.90625
9622,14,0.0,0.0,0.0,0.169527443125844,128.08973276615143,0.0,0.0,0.169527443125844,128.08973276615143,32,0,32,790.65625
9622,15,0.0625,0.3372900666170139,0.05859375,0.18317918223328888,141.89757323265076,0.18818773329257965,180.56079864501953,0.18284527882933616,139.32002487182618,32,2,30,818.5625
9622,16,0.125,0.5435644431995964,0.109375,0.16482691862620413,133.52772665023804,0.1615209523588419,151.06336975097656,0.1652991995215416,131.02263477870397,32,4,28,818.625
9857,1,0.75,0.8112781244591328,0.1875,0.1663998793810606,46.749871253967285,0.16804255793491998,46.36396074295044,0.16147184371948242,47.90760278701782,32,24,8,285.9375
9857,2,0.875,0.5435644431995964,0.109375,0.18207911495119333,52.75074142217636,0.1811589284666947,51.437203475407195,0.1885204203426838,61.94550704956055,32,28,4,291.84375
9857,3,0.875,0.5435644431995964,0.109375,0.17631726199761033,50.86226832866669,0.17178900646311895,49.96122973305838,0.2080150507390499,57.169538497924805,32,28,4,287.15625
9857,4,0.9375,0.3372900666170139,0.05859375,0.17963405372574925,51.805200815200806,0.1796424021323522,51.09178161621094,0.17950882762670517,62.50648880004883,32,30,2,292.78125
9857,5,0.96875,0.20062232431271465,0.0302734375,0.17136650998145342,50.1910725235939,0.17444040674355724,49.731554646645826,0.0760757103562355,64.43612670898438,32,31,1,306.5
9857,6,1.0,0.0,0.0,0.1653140988200903,49.413490772247314,0.1653140988200903,49.413490772247314,0.0,0.0,32,32,0,298.625
9857,7,0.9375,0.3372900666170139,0.05859375,0.1781388632953167,48.728062868118286,0.17217651108900706,48.14141311645508,0.26757414638996124,57.527809143066406,32,30,2,274.5
9857,8,0.96875,0.20062232431271465,0.0302734375,0.16658220067620277,46.45840173959732,0.16581542068912136,44.321943529190555,0.19035238027572632,112.68860626220703,32,31,1,282.15625
9857,9,0.90625,0.4488644887230294,0.0849609375,0.17288266983814538,48.337178349494934,0.1721242088182219,48.51271570139918,0.1802144596974055,46.64031728108724,32,29,3,283.34375
9857,10,0.9375,0.3372900666170139,0.05859375,0.16462253243662417,52.55395543575287,0.1674987236658732,51.63802858988444,0.12147966399788857,66.2928581237793,32,30,2,342.46875
9857,11,0.96875,0.20062232431271465,0.0302734375,0.15712399524636567,47.80027961730957,0.1543983992549681,46.692226040747855,0.24161747097969055,82.14994049072266,32,31,1,306.0
9857,12,1.0,0.0,0.0,0.1578580995555967,47.773409485816956,0.1578580995555967,47.773409485816956,0.0,0.0,32,32,0,307.53125
9857,13,1.0,0.0,0.0,0.179621186805889,47.90636593103409,0.179621186805889,47.90636593103409,0.0,0.0,32,32,0,270.3125
9857,14,0.9375,0.3372900666170139,0.05859375,0.17011648300103843,49.80728316307068,0.17097393075625103,49.547255198160805,0.15725476667284966,53.70770263671875,32,30,2,293.34375
9857,15,0.96875,0.20062232431271465,0.0302734375,0.16889333096332848,48.33367848396301,0.16690455785682123,47.40888977050781,0.2305452972650528,77.00212860107422,32,31,1,292.28125
9857,16,0.96875,0.20062232431271465,0.0302734375,0.16982489125803113,49.68813943862915,0.16989125792057283,49.4834228023406,0.16776752471923828,56.03435516357422,32,31,1,292.4375
9940,1,0.0,0.0,0.0,0.1838445079047233,140.80107522010803,0.0,0.0,0.1838445079047233,140.80107522010803,32,0,32,818.6875
9940,2,0.0,0.0,0.0,0.18569708056747913,150.18047499656677,0.0,0.0,0.18569708056747913,150.18047499656677,32,0,32,828.09375
9940,3,0.0,0.0,0.0,0.19549135002307594,138.84519934654236,0.0,0.0,0.19549135002307594,138.84519934654236,32,0,32,748.03125
9940,4,0.0,0.0,0.0,0.19260914530605078,143.8522448539734,0.0,0.0,0.19260914530605078,143.8522448539734,32,0,32,765.03125
9940,5,0.0,0.0,0.0,0.21279483661055565,157.58289909362793,0.0,0.0,0.21279483661055565,157.58289909362793,32,0,32,756.4375
9940,6,0.0,0.0,0.0,0.17647205712273717,137.91968631744385,0.0,0.0,0.17647205712273717,137.91968631744385,32,0,32,815.1875
9940,7,0.0,0.0,0.0,0.19726216164417565,148.58011722564697,0.0,0.0,0.19726216164417565,148.58011722564697,32,0,32,767.25
9940,8,0.0,0.0,0.0,0.20537624135613441,156.456702709198,0.0,0.0,0.20537624135613441,156.456702709198,32,0,32,778.40625
9940,9,0.0,0.0,0.0,0.20679276064038277,154.3567934036255,0.0,0.0,0.20679276064038277,154.3567934036255,32,0,32,784.15625
9940,10,0.0,0.0,0.0,0.19721345999278128,152.95450162887573,0.0,0.0,0.19721345999278128,152.95450162887573,32,0,32,792.3125
9940,11,0.0,0.0,0.0,0.2106497862841934,156.23866367340088,0.0,0.0,0.2106497862841934,156.23866367340088,32,0,32,754.125
9940,12,0.0,0.0,0.0,0.20738264336250722,153.77687215805054,0.0,0.0,0.20738264336250722,153.77687215805054,32,0,32,782.71875
9940,13,0.0,0.0,0.0,0.1970140840858221,141.16569828987122,0.0,0.0,0.1970140840858221,141.16569828987122,32,0,32,722.125
9940,14,0.0,0.0,0.0,0.19913162617012858,151.96260404586792,0.0,0.0,0.19913162617012858,151.96260404586792,32,0,32,770.96875
9940,15,0.0,0.0,0.0,0.20618343213573098,146.61364889144897,0.0,0.0,0.20618343213573098,146.61364889144897,32,0,32,739.5625
9940,16,0.0,0.0,0.0,0.1850204630754888,137.48623776435852,0.0,0.0,0.1850204630754888,137.48623776435852,32,0,32,758.4375
